Symbol,Current Price,Date,Time,Change,Open,High,Low,Volume,Trade Date,Purchase Price,Quantity,Commission,High Limit,Low Limit,Comment,Transaction Type
CCD-USD,0.0062619313,2026/03/05,20:28 UTC,-3.8007507E-4,0.0067727123,0.0068020155,0.006240038,488814,20260127,0.01482,16870.0,0.0,,,Uphold,
ELIZAOS-USD,0.0012403406,2026/03/05,20:28 UTC,-3.4788623E-5,0.0012688852,0.0012745011,0.0012204414,3626508,20260106,0.0,22527.0,0.0,,,Uphold,
TEL-USD,0.0026778355,2026/03/05,20:28 UTC,-8.8250265E-5,0.0027594178,0.0027918962,0.002653246,918951,20251112,0.0046,54251.3,0.0,,,,
MOCA31526-USD,0.015229226,2026/03/05,20:26 UTC,-4.8125815E-4,0.01560857,0.015612435,0.014817582,3329536,20251103,0.0,427.0,0.0,,,Uphold,
MOCA31526-USD,0.015229226,2026/03/05,20:26 UTC,-4.8125815E-4,0.01560857,0.015612435,0.014817582,3329536,20251030,0.05,4819.0,0.99,,,Uphold,
SEV,2.3,2026/03/05,15:29 EST,0.15499997,2.14,2.39,2.02,573457,20240130,5.28,200.0,0.0,0.0,0.0,,
UAMY,9.2387,2026/03/05,15:30 EST,-0.4413004,10.0,10.075,8.99,11283965,20251014,17.47,12.47,0.0,,,,
XAN-USD,0.006907954,2026/03/05,20:27 UTC,-2.2305595E-4,0.0069658384,0.0069750017,0.0067912443,1676616,20251008,0.08,2918.0,0.99,,,Uphold ,
KTA-USD,0.24900854,2026/03/05,20:27 UTC,-0.008004159,0.25386634,0.25518012,0.24699798,3383368,20251006,0.6,405.6,0.0,,,Uphold,
LYX-USD,0.2785492,2026/03/05,20:28 UTC,-0.0140277445,0.28344718,0.28865018,0.2753971,360755,20251003,0.81,298.9,0.99,,,Uphold,
AZERO-USD,0.0063364827,2026/03/05,20:27 UTC,-8.135615E-5,0.006448224,0.006467068,0.0062026344,115891,20251003,0.02,11034.0,0.99,,,Uphold ,
XPL-USD,0.119636565,2026/03/05,20:27 UTC,0.0040400475,0.11395663,0.12309952,0.109548934,125825664,20251002,0.92,533.0,0.0,,,Uphold,
XPL-USD,0.119636565,2026/03/05,20:27 UTC,0.0040400475,0.11395663,0.12309952,0.109548934,125825664,20251020,0.4,1207.0,0.0,,,Uphold,
ZIG-USD,0.03795368,2026/03/05,20:28 UTC,-6.7108497E-4,0.038245134,0.03853041,0.036914106,1600761,20251001,0.11,2198.0,0.0,,,Uphold ,
LCX-USD,0.045422826,2026/03/05,20:29 UTC,-0.0020520762,0.04736633,0.056819025,0.045128904,348874,20250930,0.14,2063.0,0.0,,,Coinbase ,
AWE-USD,0.051007096,2026/03/05,20:29 UTC,-4.2754412E-4,0.051503874,0.051555797,0.05014501,4757437,20250904,0.0529,3709.0,0.0,,,Coinbase,
WLFI33251-USD,0.102292724,2026/03/05,20:27 UTC,-0.006691754,0.10691485,0.107134745,0.10015266,137757840,20250904,0.17,1411.0,0.99,,,Uphold,
AGNMF,0.09455,2026/03/04,16:00 EST,0.004999995,0.085,0.085,0.085,10000,20250902,0.1,2710.0,0.0,,,Schwab,
AGNMF,0.09455,2026/03/04,16:00 EST,0.004999995,0.085,0.085,0.085,10000,20250815,0.1,1090.0,6.95,,,Schwab,
NEAR-USD,1.2725267,2026/03/05,20:28 UTC,-0.04929471,1.3119045,1.3165361,1.246674,243170832,20250903,2.38,41.0,0.0,,,,
INSP-USD,0.0016958484,2026/03/05,20:28 UTC,-2.3091561E-5,0.0016728378,0.0017427321,0.0016425741,267349,20250903,0.03,14803.0,0.0,,,,
NVDA,181.845,2026/03/05,15:30 EST,-1.1949921,181.17,184.06,177.89,158575502,20250731,172.56,1.16,0.0,,,Greenlight ,
EZPZ,17.945,2026/03/05,15:09 EST,-0.5450001,18.38,18.37,17.88,8261,20250731,30.5,5.7,0.0,,,,
LIDR,1.63,2026/03/05,15:27 EST,-0.01999998,1.63,1.7,1.6,224889,20250731,4.07,24.57,0.0,,,Greenlight,
LIDR,1.63,2026/03/05,15:27 EST,-0.01999998,1.63,1.7,1.6,224889,20250731,3.86,55.0,0.0,,,Robinhood,
PUMP36507-USD,0.0020518233,2026/03/05,20:27 UTC,-7.484341E-5,0.0020509465,0.0021171083,0.0019901234,101702064,20250729,0.00249,100426.0,0.99,,,Uphold,
ATYR,0.9043,2026/03/05,15:28 EST,-0.060200036,0.9451,0.9644,0.89,1103495,20250718,6.14,81.0,0.0,,,Robinhood ,
ATYR,0.9043,2026/03/05,15:28 EST,-0.060200036,0.9451,0.9644,0.89,1103495,20250731,4.9,100.0,0.0,,,Robinhood,
HYPE32196-USD,30.585007,2026/03/05,20:27 UTC,-1.5834732,32.274326,32.274326,30.29931,233754800,20250717,46.99,10.64,0.0,,,Uphold,
TAI20605-USD,0.015109063,2026/03/05,20:27 UTC,-7.073814E-4,0.015358257,0.01621703,0.014784177,841649,20250626,0.09,2202.0,1.98,,,Uphold,
PEAQ-USD,0.014969813,2026/03/05,20:28 UTC,-4.1530747E-4,0.015288799,0.015288799,0.014918697,834488,20250618,0.07,7091.0,0.0,,,,
$ADS-USD,0.12264365,2022/10/10,02:23 UTC,-0.0013327822,0.12269344,0.12269344,0.12218035,81660,20240811,0.109,3098.0,0.0,,,Uphold,
AAPL,258.62,2026/03/05,15:30 EST,-3.899994,260.745,261.555,257.25,30081989,20210225,121.15,0.20636,,,,,
ABBV,231.345,2026/03/05,15:30 EST,-4.845001,233.42,234.8,228.0,5944576,20250310,212.0,5.0,0.0,,,Robinhood,
ACH-USD,0.007159524,2026/03/05,20:27 UTC,1.9801315E-5,0.0071000964,0.007432471,0.00705883,8377384,20221027,0.013,22913.0,,,,,
ACHR,6.4065,2026/03/05,15:30 EST,-0.35350037,6.65,6.785,6.31,28337113,20250103,10.7,50.0,5.0,,,Webull,
ACS-USD,0.13149048,2026/02/22,23:02 UTC,0.0,0.13149048,0.13149048,0.13149048,58,20230823,0.0,2640.47,,,,,
ADA-USD,0.2712392,2026/03/05,20:28 UTC,-0.010382861,0.2762279,0.27736324,0.2663694,622522688,20250308,0.81,684.6,0.0,,,Uphold,
ADA-USD,0.2712392,2026/03/05,20:28 UTC,-0.010382861,0.2762279,0.27736324,0.2663694,622522688,20241018,0.3637,684.599,0.99,,,Uphold,
ADA-USD,0.2712392,2026/03/05,20:28 UTC,-0.010382861,0.2762279,0.27736324,0.2663694,622522688,20210106,0.3359,1488.54,0.0,,,,
ADA-USD,0.2712392,2026/03/05,20:28 UTC,-0.010382861,0.2762279,0.27736324,0.2663694,622522688,20231221,0.0,2021.0,0.0,,,,
ADA-USD,0.2712392,2026/03/05,20:28 UTC,-0.010382861,0.2762279,0.27736324,0.2663694,622522688,20211105,1.99,5000.0,0.0,,,,
ADA-USD,0.2712392,2026/03/05,20:28 UTC,-0.010382861,0.2762279,0.27736324,0.2663694,622522688,20220301,0.96,516.0,0.0,,,,
ADA-USD,0.2712392,2026/03/05,20:28 UTC,-0.010382861,0.2762279,0.27736324,0.2663694,622522688,20210305,1.2002,41.659723,0.0,,,,
ADA-USD,0.2712392,2026/03/05,20:28 UTC,-0.010382861,0.2762279,0.27736324,0.2663694,622522688,20211204,1.383,722.8,0.0,,,,
ADA-USD,0.2712392,2026/03/05,20:28 UTC,-0.010382861,0.2762279,0.27736324,0.2663694,622522688,20220513,0.57,1739.7,0.0,,,,
ADA-USD,0.2712392,2026/03/05,20:28 UTC,-0.010382861,0.2762279,0.27736324,0.2663694,622522688,20220831,0.458,2155.73,0.0,,,,
ADA-USD,0.2712392,2026/03/05,20:28 UTC,-0.010382861,0.2762279,0.27736324,0.2663694,622522688,20230911,0.24,2024.0,0.0,,,,
ADA-USD,0.2712392,2026/03/05,20:28 UTC,-0.010382861,0.2762279,0.27736324,0.2663694,622522688,20211029,2.024,1234.8,0.0,,,,
ADA-USD,0.2712392,2026/03/05,20:28 UTC,-0.010382861,0.2762279,0.27736324,0.2663694,622522688,20210224,1.0915,45.80852,0.0,,,$50 referral,
ADA-USD,0.2712392,2026/03/05,20:28 UTC,-0.010382861,0.2762279,0.27736324,0.2663694,622522688,20210624,1.37,401.3,0.0,,,,
ADA-USD,0.2712392,2026/03/05,20:28 UTC,-0.010382861,0.2762279,0.27736324,0.2663694,622522688,20211102,1.973,1013.3,0.0,,,,
ADA-USD,0.2712392,2026/03/05,20:28 UTC,-0.010382861,0.2762279,0.27736324,0.2663694,622522688,20230404,0.39,2522.0,0.0,,,,
ADA-USD,0.2712392,2026/03/05,20:28 UTC,-0.010382861,0.2762279,0.27736324,0.2663694,622522688,20220311,0.8154,1000.0,0.0,,,,
ADA-USD,0.2712392,2026/03/05,20:28 UTC,-0.010382861,0.2762279,0.27736324,0.2663694,622522688,20220222,0.9,1102.0,0.0,,,,
ADA-USD,0.2712392,2026/03/05,20:28 UTC,-0.010382861,0.2762279,0.27736324,0.2663694,622522688,20251101,0.61,542.0,0.0,,,Uphold,
ADA-USD,0.2712392,2026/03/05,20:28 UTC,-0.010382861,0.2762279,0.27736324,0.2663694,622522688,20230404,0.38,1260.0,0.0,,,,
AGIX-USD,0.069673635,2026/03/05,20:28 UTC,-0.17673132,0.23741555,0.25222108,0.06917463,48936,20230911,0.17532,2851.8,,,,,
AIEQ,45.14,2026/03/05,13:47 EST,-0.35820007,45.28,45.47,45.14,2723,20210209,41.86,8.36212,,,,,
AIEQ,45.14,2026/03/05,13:47 EST,-0.35820007,45.28,45.47,45.14,2723,20210225,38.15,0.91756,,,,,
AITECH-USD,0.0058600935,2026/03/05,20:27 UTC,-4.414781E-4,0.0061251773,0.006299072,0.005855462,1922743,20250609,0.06,257.0,0.0,,,CB wallet,
AITECH-USD,0.0058600935,2026/03/05,20:27 UTC,-4.414781E-4,0.0061251773,0.006299072,0.005855462,1922743,20251006,0.03,7207.0,0.0,,,Uphold,
AITECH-USD,0.0058600935,2026/03/05,20:27 UTC,-4.414781E-4,0.0061251773,0.006299072,0.005855462,1922743,20251014,0.0,4040.0,0.0,,,Uphold,
AITECH-USD,0.0058600935,2026/03/05,20:27 UTC,-4.414781E-4,0.0061251773,0.006299072,0.005855462,1922743,20250611,0.07,6515.0,0.0,,,Uphold,
ALGO-USD,0.08801573,2026/03/05,20:28 UTC,-0.0018052235,0.08888738,0.08944124,0.08635483,30334360,20210701,0.83,233.258,,,,,
ALGO-USD,0.08801573,2026/03/05,20:28 UTC,-0.0018052235,0.08888738,0.08944124,0.08635483,30334360,20210702,0.85,1164.46,,,,,
ALGO-USD,0.08801573,2026/03/05,20:28 UTC,-0.0018052235,0.08888738,0.08944124,0.08635483,30334360,20220320,0.0,98.0,,,,,
ALGO-USD,0.08801573,2026/03/05,20:28 UTC,-0.0018052235,0.08888738,0.08944124,0.08635483,30334360,20220426,0.67,500.0,,,,,
ALGO-USD,0.08801573,2026/03/05,20:28 UTC,-0.0018052235,0.08888738,0.08944124,0.08635483,30334360,20220711,0.307,905.0,,,,,
ALGO-USD,0.08801573,2026/03/05,20:28 UTC,-0.0018052235,0.08888738,0.08944124,0.08635483,30334360,20220830,0.298,503.2,,,,,
ALGO-USD,0.08801573,2026/03/05,20:28 UTC,-0.0018052235,0.08888738,0.08944124,0.08635483,30334360,20230320,0.22,278.5,,,,,
ALGO-USD,0.08801573,2026/03/05,20:28 UTC,-0.0018052235,0.08888738,0.08944124,0.08635483,30334360,20230911,0.09,5529.0,,,,,
ALGO-USD,0.08801573,2026/03/05,20:28 UTC,-0.0018052235,0.08888738,0.08944124,0.08635483,30334360,20231207,0.16201,3035.0,,,,,
ALI16876-USD,0.0016520385,2026/03/05,20:28 UTC,-1.08777196E-4,0.0017054973,0.0017670293,0.0016294278,373071,20231003,0.0132,18812.0,,,,,
ALI16876-USD,0.0016520385,2026/03/05,20:28 UTC,-1.08777196E-4,0.0017054973,0.0017670293,0.0016294278,373071,20231010,0.01558,3000.0,,,,,
AMP-USD,0.0014357807,2026/03/05,20:27 UTC,-2.0176522E-5,0.0014498534,0.0014655382,0.0014186269,5552987,20220823,0.007,75581.0,,,,,
AMP-USD,0.0014357807,2026/03/05,20:27 UTC,-2.0176522E-5,0.0014498534,0.0014655382,0.0014186269,5552987,20220830,0.0065,23044.0,,,,,
AMP-USD,0.0014357807,2026/03/05,20:27 UTC,-2.0176522E-5,0.0014498534,0.0014655382,0.0014186269,5552987,20221017,0.005,19438.0,,,,,
AMP-USD,0.0014357807,2026/03/05,20:27 UTC,-2.0176522E-5,0.0014498534,0.0014655382,0.0014186269,5552987,20230323,0.0042,47629.0,,,,,
AMP-USD,0.0014357807,2026/03/05,20:27 UTC,-2.0176522E-5,0.0014498534,0.0014655382,0.0014186269,5552987,20230628,0.002,43758.0,,,,,
AMP-USD,0.0014357807,2026/03/05,20:27 UTC,-2.0176522E-5,0.0014498534,0.0014655382,0.0014186269,5552987,20231010,0.001543,161432.0,,,,,
AMP-USD,0.0014357807,2026/03/05,20:27 UTC,-2.0176522E-5,0.0014498534,0.0014655382,0.0014186269,5552987,20231031,0.00165748,301662.0,,,,,
ANKR-USD,0.00420453,2026/03/05,20:27 UTC,-1.2715021E-4,0.00424192,0.0042849435,0.0041179196,4214456,20210902,0.11,28.0,,,,,
ANKR-USD,0.00420453,2026/03/05,20:27 UTC,-1.2715021E-4,0.00424192,0.0042849435,0.0041179196,4214456,20211113,0.13,761.62,,,,,
ANKR-USD,0.00420453,2026/03/05,20:27 UTC,-1.2715021E-4,0.00424192,0.0042849435,0.0041179196,4214456,20220508,0.0556,15000.0,,,,,
ANKR-USD,0.00420453,2026/03/05,20:27 UTC,-1.2715021E-4,0.00424192,0.0042849435,0.0041179196,4214456,20231207,0.02865,6980.0,,,,,
APT21794-USD,0.9970109,2026/03/05,20:28 UTC,-0.019900978,1.009301,1.0177048,0.96994114,87399696,20250306,6.13,163.09,0.0,,,Uphold,
ARLO,14.26,2026/03/05,15:30 EST,-0.77999973,14.89,15.095,13.95,898580,20201218,8.68,100.0,,,,,
ARLO,14.26,2026/03/05,15:30 EST,-0.77999973,14.89,15.095,13.95,898580,20210113,8.5,11.0,,,,,
ARLO,14.26,2026/03/05,15:30 EST,-0.77999973,14.89,15.095,13.95,898580,20201221,8.21,8.0,,,,,
ARPA-USD,0.010074276,2026/03/05,20:29 UTC,1.5488267E-4,0.009809972,0.0105093755,0.009657134,12501101,20220318,0.073,6000.0,,,,,
ASM-USD,0.007172998,2026/03/05,20:29 UTC,-1.1058431E-4,0.0072691506,0.0073010447,0.0070543014,2189896,20240121,0.07421,3368.7,,,,,
ASTS,93.5601,2026/03/05,15:30 EST,-11.329903,102.6,103.755,91.051,13178771,20240528,4.76,22.89,,,,,
ATH30083-USD,0.0068250946,2026/03/05,20:28 UTC,3.189547E-4,0.006494812,0.0069663725,0.006382661,32232252,20240824,0.06542,3831.0,0.99,,,Uphold,
ATOM-USD,1.853616,2026/03/05,20:27 UTC,-0.04268372,1.880522,1.8899707,1.8291818,50997292,20240922,4.67,105.0,9.25,,,Coinbase,
ATOM-USD,1.853616,2026/03/05,20:27 UTC,-0.04268372,1.880522,1.8899707,1.8291818,50997292,20250308,4.08,58.58,0.0,,,Uphold,
ATOM-USD,1.853616,2026/03/05,20:27 UTC,-0.04268372,1.880522,1.8899707,1.8291818,50997292,20230919,7.46,75.0,0.0,,,,
ATOM-USD,1.853616,2026/03/05,20:27 UTC,-0.04268372,1.880522,1.8899707,1.8291818,50997292,20230924,7.06,68.8,0.0,,,,
AVAX-USD,9.460433,2026/03/05,20:27 UTC,-0.189044,9.499181,9.561868,9.283608,288483168,20210315,29.25,8.55,,,,,
AVAX-USD,9.460433,2026/03/05,20:27 UTC,-0.189044,9.499181,9.561868,9.283608,288483168,20210523,16.1,6.2,,,,,
AVAX-USD,9.460433,2026/03/05,20:27 UTC,-0.189044,9.499181,9.561868,9.283608,288483168,20210703,11.69,42.75,,,,,
AVAX-USD,9.460433,2026/03/05,20:27 UTC,-0.189044,9.499181,9.561868,9.283608,288483168,20230828,10.81,46.253,,,,,
AXL17799-USD,0.05392788,2026/03/05,20:28 UTC,-0.0013149194,0.0550635,0.055085145,0.05268325,8980167,20250701,0.33,444.0,0.0,,,Uphold,
AXL17799-USD,0.05392788,2026/03/05,20:28 UTC,-0.0013149194,0.0550635,0.055085145,0.05268325,8980167,20241123,0.81,615.213,10.0,,,Uphold,
BARA-USD,6.240161E-4,2024/04/23,01:19 UTC,0.0,6.240161E-4,6.240161E-4,6.240161E-4,1387,20241122,1.571E-5,1.0E7,6.0,,,Crypto.com ,
BEAM28298-USD,0.0019306993,2026/03/05,20:27 UTC,-4.5792083E-5,0.0019515158,0.0019641002,0.0018866524,3389891,20231123,0.0083,20000.0,,,,,
BIGZ,,,,,,,,,20210326,20.0,15.0,,,,,
BLOK,54.44,2026/03/05,15:29 EST,-0.90999985,54.89,55.75,53.465,415162,20201224,35.0,27.0,,,,,
BLOK,54.44,2026/03/05,15:29 EST,-0.90999985,54.89,55.75,53.465,415162,20210104,36.49,25.0,,,,,
BLOK,54.44,2026/03/05,15:29 EST,-0.90999985,54.89,55.75,53.465,415162,20210225,51.69,0.96737,,,,,
BLOK,54.44,2026/03/05,15:29 EST,-0.90999985,54.89,55.75,53.465,415162,20210304,49.71,1.00586,,,,,
BLOK,54.44,2026/03/05,15:29 EST,-0.90999985,54.89,55.75,53.465,415162,20210311,57.3,0.8726,,,,,
BLOK,54.44,2026/03/05,15:29 EST,-0.90999985,54.89,55.75,53.465,415162,20210218,58.65,0.85251,,,,,
BLOK,54.44,2026/03/05,15:29 EST,-0.90999985,54.89,55.75,53.465,415162,20230501,19.18,2.6,,,,,
BLOK,54.44,2026/03/05,15:29 EST,-0.90999985,54.89,55.75,53.465,415162,20230517,19.59,10.21,,,,,
BLOK,54.44,2026/03/05,15:29 EST,-0.90999985,54.89,55.75,53.465,415162,20230531,19.95,5.11,,,,,
BLOK,54.44,2026/03/05,15:29 EST,-0.90999985,54.89,55.75,53.465,415162,20230828,21.12,42.0,,,,,
BLOK,54.44,2026/03/05,15:29 EST,-0.90999985,54.89,55.75,53.465,415162,20240208,28.32,1.76,,,,,
BLZ-USD,0.012569276,2026/03/05,20:28 UTC,3.3460557E-5,0.012663137,0.012721088,0.012536822,174046,20241220,0.07753,6463.7,5.0,,,Uphold,
BONK-USD,6.2007093E-6,2026/03/05,20:27 UTC,-2.1110282E-7,6.2483077E-6,6.289201E-6,5.9826543E-6,58596648,20231118,3.06E-6,3.264308707E7,,,,,
BONK-USD,6.2007093E-6,2026/03/05,20:27 UTC,-2.1110282E-7,6.2483077E-6,6.289201E-6,5.9826543E-6,58596648,20231203,4.76E-6,4.0756823E7,,,,,
BTC-USD,71309.68,2026/03/05,20:27 UTC,-2176.711,72729.27,73521.2,70711.32,53924941824,20210109,40557.0,0.02429,,,,,
BTC-USD,71309.68,2026/03/05,20:27 UTC,-2176.711,72729.27,73521.2,70711.32,53924941824,20210109,40634.33,0.012122423,,,,,
BTC-USD,71309.68,2026/03/05,20:27 UTC,-2176.711,72729.27,73521.2,70711.32,53924941824,20210122,33689.94,0.04387,,,,,
BTC-USD,71309.68,2026/03/05,20:27 UTC,-2176.711,72729.27,73521.2,70711.32,53924941824,20230621,0.0,0.04194,,,,,
BTC-USD,71309.68,2026/03/05,20:27 UTC,-2176.711,72729.27,73521.2,70711.32,53924941824,20221109,16098.47,0.01677737,,,,,
BTC-USD,71309.68,2026/03/05,20:27 UTC,-2176.711,72729.27,73521.2,70711.32,53924941824,20221105,21350.46,0.02300747,,,,,
BTC-USD,71309.68,2026/03/05,20:27 UTC,-2176.711,72729.27,73521.2,70711.32,53924941824,20220710,21023.89,0.00745723,,,,,
BTT-USD,3.3354678E-7,2026/03/05,20:28 UTC,-9.074739E-9,3.4001542E-7,3.4203939E-7,3.2963646E-7,8663961,20230916,3.9E-7,2.55389757E8,,,,,
CAW30402-USD,7.665886E-9,2026/03/05,20:27 UTC,-3.5255177E-10,7.904274E-9,8.021097E-9,7.618381E-9,167351,20240830,5.0E-8,1.72E9,2.35,,,CRO ,
CELR-USD,0.0026060771,2026/03/05,20:27 UTC,-7.787021E-6,0.0026121256,0.0026672443,0.00256766,5476595,20220513,0.01694,12000.0,,,,,
CELR-USD,0.0026060771,2026/03/05,20:27 UTC,-7.787021E-6,0.0026121256,0.0026672443,0.00256766,5476595,,0.0,82.0,,,,,
CELR-USD,0.0026060771,2026/03/05,20:27 UTC,-7.787021E-6,0.0026121256,0.0026672443,0.00256766,5476595,20230509,0.0,90.0,,,,,
CELR-USD,0.0026060771,2026/03/05,20:27 UTC,-7.787021E-6,0.0026121256,0.0026672443,0.00256766,5476595,20231105,0.0,92.0,,,,,
CKB-USD,0.0015185529,2026/03/05,20:28 UTC,-4.8866263E-5,0.00154753,0.0015516535,0.0014914059,2696708,20210512,0.03065,3262.5,,,,,
CKB-USD,0.0015185529,2026/03/05,20:28 UTC,-4.8866263E-5,0.00154753,0.0015516535,0.0014914059,2696708,20210513,0.02377,4206.5,,,,,
CKB-USD,0.0015185529,2026/03/05,20:28 UTC,-4.8866263E-5,0.00154753,0.0015516535,0.0014914059,2696708,20210526,0.01617,12364.7,,,,,
CKB-USD,0.0015185529,2026/03/05,20:28 UTC,-4.8866263E-5,0.00154753,0.0015516535,0.0014914059,2696708,20210521,0.015,5000.0,,,,,
CKB-USD,0.0015185529,2026/03/05,20:28 UTC,-4.8866263E-5,0.00154753,0.0015516535,0.0014914059,2696708,20210622,0.01192,8386.6,,,,,
CKB-USD,0.0015185529,2026/03/05,20:28 UTC,-4.8866263E-5,0.00154753,0.0015516535,0.0014914059,2696708,20210704,0.01273,7853.9,,,,,
CKB-USD,0.0015185529,2026/03/05,20:28 UTC,-4.8866263E-5,0.00154753,0.0015516535,0.0014914059,2696708,20210722,0.00944,10582.5,,,,,
CKB-USD,0.0015185529,2026/03/05,20:28 UTC,-4.8866263E-5,0.00154753,0.0015516535,0.0014914059,2696708,20220428,0.01,30000.0,,,,,
CKB-USD,0.0015185529,2026/03/05,20:28 UTC,-4.8866263E-5,0.00154753,0.0015516535,0.0014914059,2696708,20220830,0.00405,12334.0,,,,,
CKB-USD,0.0015185529,2026/03/05,20:28 UTC,-4.8866263E-5,0.00154753,0.0015516535,0.0014914059,2696708,20221104,0.003675,33000.0,,,,,
CNQ,44.76,2026/03/05,15:30 EST,0.579998,45.3,45.92,44.305,8971295,20180531,34.97,14.29,,,,,
CNQ,44.76,2026/03/05,15:30 EST,0.579998,45.3,45.92,44.305,8971295,20200326,11.09,3.0,,,,,
CORGIAI-USD,3.9214945E-5,2026/03/05,20:26 UTC,-6.390619E-7,3.9487088E-5,3.9587867E-5,3.9120016E-5,20226,20240921,9.425E-4,106100.0,2.99,,,Crypto.com,
COS-USD,9.988159E-4,2026/03/05,20:28 UTC,-4.677102E-5,0.0010336491,0.0010336491,9.840983E-4,1028339,20220317,0.014,25000.0,,,,,
COS-USD,9.988159E-4,2026/03/05,20:28 UTC,-4.677102E-5,0.0010336491,0.0010336491,9.840983E-4,1028339,20220510,0.00974,50000.0,,,,,
COS-USD,9.988159E-4,2026/03/05,20:28 UTC,-4.677102E-5,0.0010336491,0.0010336491,9.840983E-4,1028339,20221104,0.00607386,25000.0,,,,,
COTI-USD,0.012683974,2026/03/05,20:28 UTC,2.1592062E-4,0.012553527,0.01319569,0.012471153,7980049,20220514,0.1128,3000.0,,,,,
CRC-USD,9.991934E-5,2024/02/11,01:14 UTC,0.0,9.991934E-5,9.991934E-5,9.991934E-5,13,20220106,0.0,1.47,,,,,
CRO-USD,0.07746182,2026/03/05,20:27 UTC,-0.0012886897,0.07736094,0.07800605,0.07617628,10584891,20211121,0.69,69.0,0.0,,,,
CRO-USD,0.07746182,2026/03/05,20:27 UTC,-0.0012886897,0.07736094,0.07800605,0.07617628,10584891,20240909,0.0,4192.05,0.0,,,Crypto earn,
CRO-USD,0.07746182,2026/03/05,20:27 UTC,-0.0012886897,0.07736094,0.07800605,0.07617628,10584891,20220512,0.18,2000.0,0.0,,,,
CRO-USD,0.07746182,2026/03/05,20:27 UTC,-0.0012886897,0.07736094,0.07800605,0.07617628,10584891,20221114,0.07,5000.0,0.0,,,,
CRO-USD,0.07746182,2026/03/05,20:27 UTC,-0.0012886897,0.07736094,0.07800605,0.07617628,10584891,20220512,0.18,1000.0,0.0,,,,
CRO-USD,0.07746182,2026/03/05,20:27 UTC,-0.0012886897,0.07736094,0.07800605,0.07617628,10584891,20250507,0.096,5183.0,0.0,,,Uphold,
CRO-USD,0.07746182,2026/03/05,20:27 UTC,-0.0012886897,0.07736094,0.07800605,0.07617628,10584891,20250508,0.0,2908.0,0.0,,,CRO,
CRO-USD,0.07746182,2026/03/05,20:27 UTC,-0.0012886897,0.07736094,0.07800605,0.07617628,10584891,20221014,0.0,4997.76,0.0,,,,
CRO-USD,0.07746182,2026/03/05,20:27 UTC,-0.0012886897,0.07736094,0.07800605,0.07617628,10584891,20220506,0.2855,10000.0,0.0,,,,
CRO-USD,0.07746182,2026/03/05,20:27 UTC,-0.0012886897,0.07736094,0.07800605,0.07617628,10584891,20250828,0.0,4700.0,0.0,,,Crypto.com,
CRO-USD,0.07746182,2026/03/05,20:27 UTC,-0.0012886897,0.07736094,0.07800605,0.07617628,10584891,20220131,0.43,179.0,0.0,,,,
CRO-USD,0.07746182,2026/03/05,20:27 UTC,-0.0012886897,0.07736094,0.07800605,0.07617628,10584891,20231209,0.0,1394.25,0.0,,,,
CRO-USD,0.07746182,2026/03/05,20:27 UTC,-0.0012886897,0.07736094,0.07800605,0.07617628,10584891,20220131,0.43,450.0,0.0,,,,
CRO-USD,0.07746182,2026/03/05,20:27 UTC,-0.0012886897,0.07736094,0.07800605,0.07617628,10584891,20241127,0.18,227.0,0.0,,,CRO ,
CRO-USD,0.07746182,2026/03/05,20:27 UTC,-0.0012886897,0.07736094,0.07800605,0.07617628,10584891,20211228,0.5762,4000.0,0.0,,,,
CRO-USD,0.07746182,2026/03/05,20:27 UTC,-0.0012886897,0.07736094,0.07800605,0.07617628,10584891,20231228,0.0,3648.27,0.0,,,,
CRO-USD,0.07746182,2026/03/05,20:27 UTC,-0.0012886897,0.07736094,0.07800605,0.07617628,10584891,20211228,0.59,6000.0,0.0,,,,
CRO-USD,0.07746182,2026/03/05,20:27 UTC,-0.0012886897,0.07736094,0.07800605,0.07617628,10584891,20220503,0.3,3000.0,0.0,,,,
CRO-USD,0.07746182,2026/03/05,20:27 UTC,-0.0012886897,0.07736094,0.07800605,0.07617628,10584891,20230908,0.052,10000.0,0.0,,,,
CRO-USD,0.07746182,2026/03/05,20:27 UTC,-0.0012886897,0.07736094,0.07800605,0.07617628,10584891,20241127,0.1849,2000.0,11.0,,,Crypto.com,
CRO-USD,0.07746182,2026/03/05,20:27 UTC,-0.0012886897,0.07736094,0.07800605,0.07617628,10584891,20230907,0.0522,10000.0,0.0,,,,
CSCO,79.55,2026/03/05,15:30 EST,-1.3199997,80.015,81.165,79.05,15282563,20180516,45.2,11.06,,,,,
CSCO,79.55,2026/03/05,15:30 EST,-1.3199997,80.015,81.165,79.05,15282563,20180502,43.62,13.0,,,,,
CSPR-USD,0.0029504483,2026/03/05,20:28 UTC,-4.975777E-5,0.002979424,0.0030336303,0.0029305196,805415,20240812,0.0146,23170.51,0.0,,,Uphold,
CSPR-USD,0.0029504483,2026/03/05,20:28 UTC,-4.975777E-5,0.002979424,0.0030336303,0.0029305196,805415,20220516,0.0441,11323.0,0.0,,,,
CSPR-USD,0.0029504483,2026/03/05,20:28 UTC,-4.975777E-5,0.002979424,0.0030336303,0.0029305196,805415,20230314,0.0,400.0,0.0,,,,
DAG-USD,0.011359796,2026/03/05,20:27 UTC,-7.4308366E-5,0.011448196,0.011459103,0.011335017,1130455,20230411,0.04094,10000.0,,,,,
DEGEN30096-USD,7.287914E-4,2026/03/05,20:25 UTC,-2.7374015E-5,7.411262E-4,7.493171E-4,7.148892E-4,1481786,20250201,0.006826,14504.0,0.99,,,Uphold,
DGB-USD,0.004106491,2026/03/05,20:27 UTC,-2.5943993E-4,0.004326655,0.004326655,0.004096195,2235564,20210315,0.06377,3928.0,,,,,
DGB-USD,0.004106491,2026/03/05,20:27 UTC,-2.5943993E-4,0.004326655,0.004326655,0.004096195,2235564,20210511,0.1377,3630.73,,,,,
DGB-USD,0.004106491,2026/03/05,20:27 UTC,-2.5943993E-4,0.004326655,0.004326655,0.004096195,2235564,20210513,0.11955,1672.8,,,,,
DGB-USD,0.004106491,2026/03/05,20:27 UTC,-2.5943993E-4,0.004326655,0.004326655,0.004096195,2235564,20210515,0.11,2711.0,,,,,
DGB-USD,0.004106491,2026/03/05,20:27 UTC,-2.5943993E-4,0.004326655,0.004326655,0.004096195,2235564,20210517,0.11067,3614.26,,,,,
DGB-USD,0.004106491,2026/03/05,20:27 UTC,-2.5943993E-4,0.004326655,0.004326655,0.004096195,2235564,20210519,0.08,1142.17,,,,,
DGB-USD,0.004106491,2026/03/05,20:27 UTC,-2.5943993E-4,0.004326655,0.004326655,0.004096195,2235564,20210520,0.08849636,2259.98,,,,,
DGB-USD,0.004106491,2026/03/05,20:27 UTC,-2.5943993E-4,0.004326655,0.004326655,0.004096195,2235564,20210523,0.0642,4672.7,,,,,
DGB-USD,0.004106491,2026/03/05,20:27 UTC,-2.5943993E-4,0.004326655,0.004326655,0.004096195,2235564,20210531,0.06874,4363.7,,,,,
DGB-USD,0.004106491,2026/03/05,20:27 UTC,-2.5943993E-4,0.004326655,0.004326655,0.004096195,2235564,20210612,0.05537,1805.9,,,,,
DGB-USD,0.004106491,2026/03/05,20:27 UTC,-2.5943993E-4,0.004326655,0.004326655,0.004096195,2235564,20210612,0.05536,1806.2,,,,,
DGB-USD,0.004106491,2026/03/05,20:27 UTC,-2.5943993E-4,0.004326655,0.004326655,0.004096195,2235564,20210622,0.04065,2459.7,,,,,
DGB-USD,0.004106491,2026/03/05,20:27 UTC,-2.5943993E-4,0.004326655,0.004326655,0.004096195,2235564,20210624,0.04515,4326.23,,,,,
DGB-USD,0.004106491,2026/03/05,20:27 UTC,-2.5943993E-4,0.004326655,0.004326655,0.004096195,2235564,20210704,0.04665,4286.5,,,,,
DGB-USD,0.004106491,2026/03/05,20:27 UTC,-2.5943993E-4,0.004326655,0.004326655,0.004096195,2235564,20210722,0.03762,5315.0,,,,,
DGB-USD,0.004106491,2026/03/05,20:27 UTC,-2.5943993E-4,0.004326655,0.004326655,0.004096195,2235564,20210730,0.04371,1143.8,,,,,
DGB-USD,0.004106491,2026/03/05,20:27 UTC,-2.5943993E-4,0.004326655,0.004326655,0.004096195,2235564,20210923,0.05099,4905.4,,,,,
DGB-USD,0.004106491,2026/03/05,20:27 UTC,-2.5943993E-4,0.004326655,0.004326655,0.004096195,2235564,20211007,0.05286,5674.4,,,,,
DGB-USD,0.004106491,2026/03/05,20:27 UTC,-2.5943993E-4,0.004326655,0.004326655,0.004096195,2235564,20211014,0.057051,10000.0,,,,,
DGB-USD,0.004106491,2026/03/05,20:27 UTC,-2.5943993E-4,0.004326655,0.004326655,0.004096195,2235564,20211119,0.05177,1931.3,,,,,
DGB-USD,0.004106491,2026/03/05,20:27 UTC,-2.5943993E-4,0.004326655,0.004326655,0.004096195,2235564,20211208,0.03905,5120.8,,,,,
DGB-USD,0.004106491,2026/03/05,20:27 UTC,-2.5943993E-4,0.004326655,0.004326655,0.004096195,2235564,20220121,0.022,22600.0,,,,,
DGB-USD,0.004106491,2026/03/05,20:27 UTC,-2.5943993E-4,0.004326655,0.004326655,0.004096195,2235564,20220502,0.02,24272.0,,,,,
DGB-USD,0.004106491,2026/03/05,20:27 UTC,-2.5943993E-4,0.004326655,0.004326655,0.004096195,2235564,20220510,0.01548,30000.0,,,,,
DGB-USD,0.004106491,2026/03/05,20:27 UTC,-2.5943993E-4,0.004326655,0.004326655,0.004096195,2235564,20220512,0.012,41508.0,,,,,
DGB-USD,0.004106491,2026/03/05,20:27 UTC,-2.5943993E-4,0.004326655,0.004326655,0.004096195,2235564,20221017,0.009,10483.0,,,,,
DGB-USD,0.004106491,2026/03/05,20:27 UTC,-2.5943993E-4,0.004326655,0.004326655,0.004096195,2235564,20221018,0.009,21816.0,,,,,
DGB-USD,0.004106491,2026/03/05,20:27 UTC,-2.5943993E-4,0.004326655,0.004326655,0.004096195,2235564,20231104,0.00761441,65633.97388,,,,,
DNT-USD,0.008045489,2026/03/05,20:28 UTC,-6.640358E-4,0.008374501,0.008620055,0.008042515,96366,20210106,0.0526,1844.06,,,,,
DNT-USD,0.008045489,2026/03/05,20:28 UTC,-6.640358E-4,0.008374501,0.008620055,0.008042515,96366,20221024,0.037368,12845.45,,,,,
DOGE-USD,0.09461874,2026/03/05,20:28 UTC,-0.0081468895,0.09903025,0.09908298,0.09305318,1644718208,20230327,0.07414,1348.7,,,,,
DOGS32698-USD,2.875945E-5,2026/03/05,20:28 UTC,1.0730764E-7,2.8297249E-5,2.9611867E-5,2.7990354E-5,5054225,20240912,0.00106,94103.0,2.99,,,Crypto.com,
DOT-USD,1.5367533,2026/03/05,20:27 UTC,-0.016999722,1.542103,1.5507848,1.4883988,157153808,20250507,4.19,59.35,0.0,,,,
DOT1-USD,24.87874,2021/12/17,21:59 UTC,-1.5337791,25.97095,26.20855,24.381401,1280357504,20210222,37.8327,5.286432,,,,,
DOT1-USD,24.87874,2021/12/17,21:59 UTC,-1.5337791,25.97095,26.20855,24.381401,1280357504,20210703,15.78,63.36,,,,,
DOT1-USD,24.87874,2021/12/17,21:59 UTC,-1.5337791,25.97095,26.20855,24.381401,1280357504,20221009,6.97,42.98,,,,,
DYDX-USD,0.09340315,2026/03/05,20:27 UTC,-0.0072600693,0.098402455,0.09843015,0.09194556,9639644,20221020,1.5123,330.619,,,,,
EGLD-USD,4.182787,2026/03/05,20:27 UTC,-0.14238167,4.2750993,4.2750993,4.103014,8026822,20241005,25.65,19.49,20.0,,,Uphold,
ELON-USD,3.8456513E-8,2026/03/05,20:28 UTC,-1.1092993E-9,3.916994E-8,4.0108898E-8,3.8191875E-8,1959508,20211221,1.2E-6,1.0E7,,,,,
ELON-USD,3.8456513E-8,2026/03/05,20:28 UTC,-1.1092993E-9,3.916994E-8,4.0108898E-8,3.8191875E-8,1959508,20220130,1.49E-6,6.5E7,,,,,
ELON-USD,3.8456513E-8,2026/03/05,20:28 UTC,-1.1092993E-9,3.916994E-8,4.0108898E-8,3.8191875E-8,1959508,20211227,1.8E-6,3.5E7,,,,,
ELON-USD,3.8456513E-8,2026/03/05,20:28 UTC,-1.1092993E-9,3.916994E-8,4.0108898E-8,3.8191875E-8,1959508,20211231,1.63E-6,6.5E7,,,,,
ELON-USD,3.8456513E-8,2026/03/05,20:28 UTC,-1.1092993E-9,3.916994E-8,4.0108898E-8,3.8191875E-8,1959508,20220107,1.4E-6,3.5E7,,,,,
ELON-USD,3.8456513E-8,2026/03/05,20:28 UTC,-1.1092993E-9,3.916994E-8,4.0108898E-8,3.8191875E-8,1959508,20220121,9.7E-7,3.5E7,,,,,
ELON-USD,3.8456513E-8,2026/03/05,20:28 UTC,-1.1092993E-9,3.916994E-8,4.0108898E-8,3.8191875E-8,1959508,20220529,4.615E-7,1.22429772334E9,,,,,
EOS-USD,0.07871574,2026/03/05,20:27 UTC,-0.0016248748,0.07913568,0.079256855,0.07687548,73063,20210425,4.94,40.486,0.0,,,,
EOS-USD,0.07871574,2026/03/05,20:27 UTC,-0.0016248748,0.07913568,0.079256855,0.07687548,73063,20220127,2.16,400.0,0.0,,,,
EOS-USD,0.07871574,2026/03/05,20:27 UTC,-0.0016248748,0.07913568,0.079256855,0.07687548,73063,20211105,4.51,5000.0,0.0,,,,
EOS-USD,0.07871574,2026/03/05,20:27 UTC,-0.0016248748,0.07913568,0.079256855,0.07687548,73063,20210523,4.0,25.0,0.0,,,,
EPX-USD,3.5533247E-7,2026/03/05,20:27 UTC,-2.2175271E-8,3.7750775E-7,3.7750775E-7,3.5533247E-7,0,20221003,5.258E-4,150000.0,0.0,,,,
EPX-USD,3.5533247E-7,2026/03/05,20:27 UTC,-2.2175271E-8,3.7750775E-7,3.7750775E-7,3.5533247E-7,0,20221104,5.06E-4,110000.0,0.0,,,On ledger now,
ETH-USD,2092.2974,2026/03/05,20:27 UTC,-80.63818,2128.6384,2159.787,2059.0234,23540180992,20220711,1149.0,0.95,,,,,
FDN,248.98,2026/03/05,15:29 EST,2.119995,246.84,250.89,246.7,479991,20210221,234.71,1.70427,,,,,
FDN,248.98,2026/03/05,15:29 EST,2.119995,246.84,250.89,246.7,479991,20210221,234.71,0.85213,,,,,
FET-USD,0.1541974,2026/03/05,20:28 UTC,-0.0032286495,0.15543143,0.15680574,0.15010671,123093344,20250315,0.53,932.0,0.0,,,Uphold,
FET-USD,0.1541974,2026/03/05,20:28 UTC,-0.0032286495,0.15543143,0.15680574,0.15010671,123093344,20210806,0.49,6.0,0.0,,,,
FET-USD,0.1541974,2026/03/05,20:28 UTC,-0.0032286495,0.15543143,0.15680574,0.15010671,123093344,20220708,0.1555,2000.0,0.0,,,,
FIL-USD,1.022616,2026/03/05,20:27 UTC,-0.0066474676,1.0248082,1.0400337,0.99783313,96490104,20250516,2.88,86.0,0.0,,,Uphold,
FIL-USD,1.022616,2026/03/05,20:27 UTC,-0.0066474676,1.0248082,1.0400337,0.99783313,96490104,20250516,2.94,169.8,0.0,,,Uphold,
FLR-USD,0.009236593,2026/03/05,20:28 UTC,-2.437979E-4,0.0093759345,0.009394239,0.009158324,3486450,20240718,0.0,455.8,0.0,,,Uphold,
FLR-USD,0.009236593,2026/03/05,20:28 UTC,-2.437979E-4,0.0093759345,0.009394239,0.009158324,3486450,20241015,0.0,430.44,0.0,,,Uphold ,
FLR-USD,0.009236593,2026/03/05,20:28 UTC,-2.437979E-4,0.0093759345,0.009394239,0.009158324,3486450,20250213,0.0,467.0,0.0,,,Uphold,
FLR-USD,0.009236593,2026/03/05,20:28 UTC,-2.437979E-4,0.0093759345,0.009394239,0.009158324,3486450,20241218,0.0,438.2,0.0,,,Uphold,
FLR-USD,0.009236593,2026/03/05,20:28 UTC,-2.437979E-4,0.0093759345,0.009394239,0.009158324,3486450,20250116,0.0,471.0,0.0,,,Uphold ,
FLR-USD,0.009236593,2026/03/05,20:28 UTC,-2.437979E-4,0.0093759345,0.009394239,0.009158324,3486450,20231220,0.0,632.49,0.0,,,,
FLR-USD,0.009236593,2026/03/05,20:28 UTC,-2.437979E-4,0.0093759345,0.009394239,0.009158324,3486450,20240522,0.0,479.8,0.0,,,,
FLR-USD,0.009236593,2026/03/05,20:28 UTC,-2.437979E-4,0.0093759345,0.009394239,0.009158324,3486450,20240419,0.0,533.0,0.0,,,,
FLR-USD,0.009236593,2026/03/05,20:28 UTC,-2.437979E-4,0.0093759345,0.009394239,0.009158324,3486450,20260218,0.0,362.0,0.0,,,Uphold,
FLR-USD,0.009236593,2026/03/05,20:28 UTC,-2.437979E-4,0.0093759345,0.009394239,0.009158324,3486450,20231010,0.00978,5000.0,0.0,,,,
FLR-USD,0.009236593,2026/03/05,20:28 UTC,-2.437979E-4,0.0093759345,0.009394239,0.009158324,3486450,20250313,0.0,459.0,0.0,,,Uphold,
FLR-USD,0.009236593,2026/03/05,20:28 UTC,-2.437979E-4,0.0093759345,0.009394239,0.009158324,3486450,20250917,0.0,438.0,0.0,,,Uphold,
FLR-USD,0.009236593,2026/03/05,20:28 UTC,-2.437979E-4,0.0093759345,0.009394239,0.009158324,3486450,20231020,0.0,657.0,0.0,,,,
FLR-USD,0.009236593,2026/03/05,20:28 UTC,-2.437979E-4,0.0093759345,0.009394239,0.009158324,3486450,20250415,0.0,467.0,0.0,,,Uphold,
FLR-USD,0.009236593,2026/03/05,20:28 UTC,-2.437979E-4,0.0093759345,0.009394239,0.009158324,3486450,20251014,0.0,433.0,0.0,,,Uphold,
FLR-USD,0.009236593,2026/03/05,20:28 UTC,-2.437979E-4,0.0093759345,0.009394239,0.009158324,3486450,20230830,0.0,707.44,0.0,,,,
FLR-USD,0.009236593,2026/03/05,20:28 UTC,-2.437979E-4,0.0093759345,0.009394239,0.009158324,3486450,20240116,0.0,627.0,0.0,,,,
FLR-USD,0.009236593,2026/03/05,20:28 UTC,-2.437979E-4,0.0093759345,0.009394239,0.009158324,3486450,20251216,0.0,427.0,0.0,,,Uphold,
FLR-USD,0.009236593,2026/03/05,20:28 UTC,-2.437979E-4,0.0093759345,0.009394239,0.009158324,3486450,20230621,0.0,604.45,0.0,,,,
FLR-USD,0.009236593,2026/03/05,20:28 UTC,-2.437979E-4,0.0093759345,0.009394239,0.009158324,3486450,20250812,0.0,440.0,0.0,,,Uphold,
FLR-USD,0.009236593,2026/03/05,20:28 UTC,-2.437979E-4,0.0093759345,0.009394239,0.009158324,3486450,20240613,0.0,457.0,0.0,,,,
FLR-USD,0.009236593,2026/03/05,20:28 UTC,-2.437979E-4,0.0093759345,0.009394239,0.009158324,3486450,20240919,0.0,429.59,0.0,,,Uphold—flare drop,
FLR-USD,0.009236593,2026/03/05,20:28 UTC,-2.437979E-4,0.0093759345,0.009394239,0.009158324,3486450,20230317,0.02996,6675.0,0.0,,,,
FLR-USD,0.009236593,2026/03/05,20:28 UTC,-2.437979E-4,0.0093759345,0.009394239,0.009158324,3486450,20250514,0.0,462.85,0.0,,,Uphold,
FLR-USD,0.009236593,2026/03/05,20:28 UTC,-2.437979E-4,0.0093759345,0.009394239,0.009158324,3486450,20250612,0.0,456.0,0.0,,,Uphold,
FLR-USD,0.009236593,2026/03/05,20:28 UTC,-2.437979E-4,0.0093759345,0.009394239,0.009158324,3486450,20251112,0.0,425.0,0.0,,,Uphold,
FLR-USD,0.009236593,2026/03/05,20:28 UTC,-2.437979E-4,0.0093759345,0.009394239,0.009158324,3486450,20240814,0.0,583.0,0.0,,,Uphold,
FLR-USD,0.009236593,2026/03/05,20:28 UTC,-2.437979E-4,0.0093759345,0.009394239,0.009158324,3486450,20250716,0.0,448.0,0.0,,,Uphold,
FLR-USD,0.009236593,2026/03/05,20:28 UTC,-2.437979E-4,0.0093759345,0.009394239,0.009158324,3486450,20230412,0.0,410.0,0.0,,,,
FLR-USD,0.009236593,2026/03/05,20:28 UTC,-2.437979E-4,0.0093759345,0.009394239,0.009158324,3486450,20240222,0.0,603.15,0.0,,,,
FLR-USD,0.009236593,2026/03/05,20:28 UTC,-2.437979E-4,0.0093759345,0.009394239,0.009158324,3486450,20231117,0.0,648.0,0.0,,,,
FLR-USD,0.009236593,2026/03/05,20:28 UTC,-2.437979E-4,0.0093759345,0.009394239,0.009158324,3486450,20241113,0.0,434.0,0.0,,,Uphold,
FLR-USD,0.009236593,2026/03/05,20:28 UTC,-2.437979E-4,0.0093759345,0.009394239,0.009158324,3486450,20230518,0.0,734.22,0.0,,,,
FLR-USD,0.009236593,2026/03/05,20:28 UTC,-2.437979E-4,0.0093759345,0.009394239,0.009158324,3486450,20230726,0.0,465.212,0.0,,,,
FLR-USD,0.009236593,2026/03/05,20:28 UTC,-2.437979E-4,0.0093759345,0.009394239,0.009158324,3486450,20240322,0.0,571.0,0.0,,,,
FLR-USD,0.009236593,2026/03/05,20:28 UTC,-2.437979E-4,0.0093759345,0.009394239,0.009158324,3486450,20230330,0.0,12.0,0.0,,,,
FLR-USD,0.009236593,2026/03/05,20:28 UTC,-2.437979E-4,0.0093759345,0.009394239,0.009158324,3486450,20230426,0.0,872.647,0.0,,,,
GALA-USD,0.0035806196,2026/03/05,20:29 UTC,-1.1667353E-4,0.0036155374,0.0036596872,0.0034618773,23395984,20230910,0.01493,33482.0,,,,,
GE,327.675,2026/03/05,15:30 EST,-12.13501,336.58,341.81,320.8,3108811,20201002,48.48,0.375,,,,,
GE,327.675,2026/03/05,15:30 EST,-12.13501,336.58,341.81,320.8,3108811,20201218,87.04,12.75,,,,,
GRIFFAIN-USD,0.008998849,2026/03/05,20:28 UTC,-5.220752E-4,0.009353179,0.00952842,0.008730357,1443325,20250408,0.03,17142.0,0.0,,,Uphold,
HBAR-USD,0.100104444,2026/03/05,20:27 UTC,-0.0020246431,0.101184696,0.10157126,0.09849123,98320112,20241018,0.05385,4623.49,0.99,,,Uphold,
HBAR-USD,0.100104444,2026/03/05,20:27 UTC,-0.0020246431,0.101184696,0.10157126,0.09849123,98320112,20211101,0.4068,4915.8,0.0,,,,
HBAR-USD,0.100104444,2026/03/05,20:27 UTC,-0.0020246431,0.101184696,0.10157126,0.09849123,98320112,20220127,0.2093,4500.0,0.0,,,,
HBAR-USD,0.100104444,2026/03/05,20:27 UTC,-0.0020246431,0.101184696,0.10157126,0.09849123,98320112,20220429,0.1633,6000.0,0.0,,,,
HBAR-USD,0.100104444,2026/03/05,20:27 UTC,-0.0020246431,0.101184696,0.10157126,0.09849123,98320112,20220523,0.1054,5000.0,0.0,,,,
HBAR-USD,0.100104444,2026/03/05,20:27 UTC,-0.0020246431,0.101184696,0.10157126,0.09849123,98320112,20240812,0.0545,6205.37,0.0,,,Uphold,
HBAR-USD,0.100104444,2026/03/05,20:27 UTC,-0.0020246431,0.101184696,0.10157126,0.09849123,98320112,20231020,0.0,385.14,0.0,,,,
HBAR-USD,0.100104444,2026/03/05,20:27 UTC,-0.0020246431,0.101184696,0.10157126,0.09849123,98320112,20231110,0.0,41.76,0.0,,,,
HBAR-USD,0.100104444,2026/03/05,20:27 UTC,-0.0020246431,0.101184696,0.10157126,0.09849123,98320112,20231025,0.0,13.04,0.0,,,,
HBAR-USD,0.100104444,2026/03/05,20:27 UTC,-0.0020246431,0.101184696,0.10157126,0.09849123,98320112,20211018,0.3568,1401.25,0.0,,,,
HBAR-USD,0.100104444,2026/03/05,20:27 UTC,-0.0020246431,0.101184696,0.10157126,0.09849123,98320112,20210512,0.2605,767.5,0.0,,,,
HBAR-USD,0.100104444,2026/03/05,20:27 UTC,-0.0020246431,0.101184696,0.10157126,0.09849123,98320112,20211029,0.3923,3822.8,0.0,,,,
HBAR-USD,0.100104444,2026/03/05,20:27 UTC,-0.0020246431,0.101184696,0.10157126,0.09849123,98320112,20221109,0.04858756,5145.35,0.0,,,,
HBAR-USD,0.100104444,2026/03/05,20:27 UTC,-0.0020246431,0.101184696,0.10157126,0.09849123,98320112,20210523,0.2326,429.7,0.0,,,,
HBAR-USD,0.100104444,2026/03/05,20:27 UTC,-0.0020246431,0.101184696,0.10157126,0.09849123,98320112,20211119,0.38,2602.0,0.0,,,,
HBAR-USD,0.100104444,2026/03/05,20:27 UTC,-0.0020246431,0.101184696,0.10157126,0.09849123,98320112,20220510,0.12,4500.0,0.0,,,,
HBAR-USD,0.100104444,2026/03/05,20:27 UTC,-0.0020246431,0.101184696,0.10157126,0.09849123,98320112,20210630,0.1787156,1119.09632,0.0,,,,
HBAR-USD,0.100104444,2026/03/05,20:27 UTC,-0.0020246431,0.101184696,0.10157126,0.09849123,98320112,20210521,0.2,800.0,0.0,,,,
HBAR-USD,0.100104444,2026/03/05,20:27 UTC,-0.0020246431,0.101184696,0.10157126,0.09849123,98320112,20221007,0.0623,3208.0,0.0,,,,
HBAR-USD,0.100104444,2026/03/05,20:27 UTC,-0.0020246431,0.101184696,0.10157126,0.09849123,98320112,20220620,0.07,5000.0,0.0,,,,
HBAR-USD,0.100104444,2026/03/05,20:27 UTC,-0.0020246431,0.101184696,0.10157126,0.09849123,98320112,20221007,0.06195,3228.46,0.0,,,,
HBAR-USD,0.100104444,2026/03/05,20:27 UTC,-0.0020246431,0.101184696,0.10157126,0.09849123,98320112,20220121,0.2328,2147.0,0.0,,,,
HBAR-USD,0.100104444,2026/03/05,20:27 UTC,-0.0020246431,0.101184696,0.10157126,0.09849123,98320112,20220502,0.1462,5000.0,0.0,,,,
HBAR-USD,0.100104444,2026/03/05,20:27 UTC,-0.0020246431,0.101184696,0.10157126,0.09849123,98320112,20211207,0.2787,1793.9,0.0,,,,
HBAR-USD,0.100104444,2026/03/05,20:27 UTC,-0.0020246431,0.101184696,0.10157126,0.09849123,98320112,20220121,0.2466,4500.0,0.0,,,,
HBAR-USD,0.100104444,2026/03/05,20:27 UTC,-0.0020246431,0.101184696,0.10157126,0.09849123,98320112,20231001,0.0,604.0,0.0,,,,
HBAR-USD,0.100104444,2026/03/05,20:27 UTC,-0.0020246431,0.101184696,0.10157126,0.09849123,98320112,20220930,0.060554,8257.65,0.0,,,,
HBAR-USD,0.100104444,2026/03/05,20:27 UTC,-0.0020246431,0.101184696,0.10157126,0.09849123,98320112,20210520,0.2568,583.9,0.0,,,,
HD,362.26,2026/03/05,15:30 EST,-6.8499756,366.12,366.98,359.2,1768152,20210225,283.43,0.07056,,,,,
ICLN,17.745,2026/03/05,15:30 EST,-0.3449993,17.925,18.085,17.53,3659396,20210210,31.47,19.06602,,,,,
ICP-USD,2.5491831,2026/03/05,20:27 UTC,0.018148422,2.514265,2.582431,2.4736674,65481588,20220127,19.0,20.6,,,,,
ICP-USD,2.5491831,2026/03/05,20:27 UTC,0.018148422,2.514265,2.582431,2.4736674,65481588,20220510,11.0,17.0,,,,,
ICX-USD,0.036935333,2026/03/05,20:27 UTC,-5.8751553E-4,0.037109084,0.037376124,0.03631659,1204854,20230410,0.32,621.49,,,,,
IDAI,2.74,2026/03/05,15:30 EST,0.0,2.789,2.789,2.63,35213,20200929,1.558,640.0,,,,,
IMX10603-USD,0.15981658,2026/03/05,20:29 UTC,-0.0014704317,0.15941134,0.16106214,0.15494497,25209318,20240111,2.2,44.1,0.0,,,,
IMX10603-USD,0.15981658,2026/03/05,20:29 UTC,-0.0014704317,0.15941134,0.16106214,0.15494497,25209318,20250422,0.55,888.57,0.0,,,Uphold,
IMX10603-USD,0.15981658,2026/03/05,20:29 UTC,-0.0014704317,0.15941134,0.16106214,0.15494497,25209318,20240121,1.98,252.49,0.0,,,,
INJ-USD,3.0638561,2026/03/05,20:27 UTC,-0.07914066,3.1204646,3.1231184,3.0009563,53969328,20250308,11.14,22.0,0.0,,,Uphold ,
INJ-USD,3.0638561,2026/03/05,20:27 UTC,-0.07914066,3.1204646,3.1231184,3.0009563,53969328,20240121,37.26,26.83,0.0,,,,
IOST-USD,0.0011306617,2026/03/05,20:27 UTC,-8.894503E-5,0.0012098774,0.0012103915,0.0011266939,5739676,20220401,0.04178,10000.0,,,,,
IOST-USD,0.0011306617,2026/03/05,20:27 UTC,-8.894503E-5,0.0012098774,0.0012103915,0.0011266939,5739676,20221030,0.0122605,16312.5,,,,,
IOST-USD,0.0011306617,2026/03/05,20:27 UTC,-8.894503E-5,0.0012098774,0.0012103915,0.0011266939,5739676,20231010,0.00704,30000.0,,,,,
IOTX-USD,0.0055761505,2026/03/05,20:27 UTC,2.045352E-4,0.0053928173,0.0057562073,0.0053236764,7874094,20220325,0.08965,6000.0,,,,,
IOTX-USD,0.0055761505,2026/03/05,20:27 UTC,2.045352E-4,0.0053928173,0.0057562073,0.0053236764,7874094,20220506,0.058,4000.0,,,,,
IOTX-USD,0.0055761505,2026/03/05,20:27 UTC,2.045352E-4,0.0053928173,0.0057562073,0.0053236764,7874094,20231010,0.01794,12000.0,,,,,
IQ-USD,0.0011458409,2026/03/05,20:29 UTC,-2.3954548E-5,0.0011674162,0.0011715895,0.0011382893,1021308,20221009,0.005129,38991.0,,,,,
IQ-USD,0.0011458409,2026/03/05,20:29 UTC,-2.3954548E-5,0.0011674162,0.0011715895,0.0011382893,1021308,20221104,0.0048,9000.0,,,,,
IVV,682.431,2026/03/05,15:30 EST,-5.848999,685.1,688.62,678.64,3905432,20210225,383.19,1.17436,,,,,
JASMY-USD,0.005721988,2026/03/05,20:28 UTC,-2.0118477E-4,0.0058001676,0.0058456413,0.005623919,15030971,20231101,0.00412,40000.0,,,,,
JASMY-USD,0.005721988,2026/03/05,20:28 UTC,-2.0118477E-4,0.0058001676,0.0058456413,0.005623919,15030971,20220129,0.0,616.39,,,,,
JMIA,7.845,2026/03/05,15:29 EST,-0.10500002,7.85,8.22,7.74,1005274,20211101,18.08,11.0,0.0,,,,
JMIA,7.845,2026/03/05,15:29 EST,-0.10500002,7.85,8.22,7.74,1005274,20201218,39.2,50.0,0.0,,,,
JMIA,7.845,2026/03/05,15:29 EST,-0.10500002,7.85,8.22,7.74,1005274,20240905,10.42,19.19,0.0,,,,
JMIA,7.845,2026/03/05,15:29 EST,-0.10500002,7.85,8.22,7.74,1005274,20240905,4.45,112.0,0.0,,,Ally,
JMIA,7.845,2026/03/05,15:29 EST,-0.10500002,7.85,8.22,7.74,1005274,20230501,2.73,37.36,0.0,,,,
JMIA,7.845,2026/03/05,15:29 EST,-0.10500002,7.85,8.22,7.74,1005274,20211015,19.19,6.51,0.0,,,,
JMIA,7.845,2026/03/05,15:29 EST,-0.10500002,7.85,8.22,7.74,1005274,20220824,7.32,37.0,0.0,,,,
JMIA,7.845,2026/03/05,15:29 EST,-0.10500002,7.85,8.22,7.74,1005274,20230501,2.71,18.47,0.0,,,,
JMIA,7.845,2026/03/05,15:29 EST,-0.10500002,7.85,8.22,7.74,1005274,20230419,2.99,66.9,0.0,,,,
JMIA,7.845,2026/03/05,15:29 EST,-0.10500002,7.85,8.22,7.74,1005274,20211101,19.25,2.6,0.0,,,,
JMIA,7.845,2026/03/05,15:29 EST,-0.10500002,7.85,8.22,7.74,1005274,20211101,19.25,25.97,0.0,,,,
JMIA,7.845,2026/03/05,15:29 EST,-0.10500002,7.85,8.22,7.74,1005274,20240208,3.17,15.77,0.0,,,,
JMIA,7.845,2026/03/05,15:29 EST,-0.10500002,7.85,8.22,7.74,1005274,20230530,2.75,18.18,0.0,,,,
JMIA,7.845,2026/03/05,15:29 EST,-0.10500002,7.85,8.22,7.74,1005274,20220720,5.91,39.08,0.0,,,,
KAS-USD,0.030967373,2026/03/05,20:28 UTC,-0.0012532771,0.030764729,0.031488303,0.030299623,16624144,20231002,0.05,3857.0,,,,,
KAVA-USD,0.05986018,2026/03/05,20:27 UTC,5.779043E-4,0.059508312,0.06349973,0.05819246,28369632,20220120,0.0,2.87,,,,,
KRL-USD,0.15350671,2026/03/05,20:29 UTC,-0.0015935004,0.15457468,0.15457468,0.15314847,103311,20220823,0.446,600.0,,,,,
KSCP,4.1,2026/03/05,15:29 EST,-0.09000015,4.305,4.4557,3.8701,564663,20200711,8.0,125.0,,,,,
KSCP,4.1,2026/03/05,15:29 EST,-0.09000015,4.305,4.4557,3.8701,564663,20231204,0.79,380.0,,,,,
KSM-USD,4.6954126,2026/03/05,20:28 UTC,-0.19868326,4.8062377,4.858739,4.6545806,5988483,20220827,46.79,53.43,,,,,
KSM-USD,4.6954126,2026/03/05,20:28 UTC,-0.19868326,4.8062377,4.858739,4.6545806,5988483,20230314,0.0,4.0,,,,,
LAI23846-USD,3.4701585E-5,2026/03/05,20:27 UTC,-1.5939804E-6,3.6848938E-5,3.688662E-5,3.298262E-5,62203,20250312,0.002969,168372.0,0.0,,,Uphold,
LEVER-USD,8.978783E-6,2026/03/05,20:27 UTC,3.2595926E-7,8.793418E-6,9.411772E-6,8.749806E-6,102914,20240911,0.0022,114395.0,0.0,,,Coinbase wallet ,
LINK-USD,9.264862,2026/03/05,20:28 UTC,-0.2846279,9.351733,9.471164,9.093013,831143936,20210223,25.37333693634718,7.88229,0.0,,,,
LINK-USD,9.264862,2026/03/05,20:28 UTC,-0.2846279,9.351733,9.471164,9.093013,831143936,20210314,29.21,33.7351,0.0,,,,
LINK-USD,9.264862,2026/03/05,20:28 UTC,-0.2846279,9.351733,9.471164,9.093013,831143936,20241203,0.0,3.0,0.0,,,,
LINK-USD,9.264862,2026/03/05,20:28 UTC,-0.2846279,9.351733,9.471164,9.093013,831143936,20211105,31.87,380.0,0.0,,,,
LINK-USD,9.264862,2026/03/05,20:28 UTC,-0.2846279,9.351733,9.471164,9.093013,831143936,20210224,28.7171682,13.92895,0.0,,,,
LINK-USD,9.264862,2026/03/05,20:28 UTC,-0.2846279,9.351733,9.471164,9.093013,831143936,20210314,29.19,33.74308,0.0,,,,
LINK-USD,9.264862,2026/03/05,20:28 UTC,-0.2846279,9.351733,9.471164,9.093013,831143936,20210219,35.15,28.035626,0.0,,,,
LINK-USD,9.264862,2026/03/05,20:28 UTC,-0.2846279,9.351733,9.471164,9.093013,831143936,20220218,15.39,32.167,0.0,,,,
LSS-USD,0.0011846537,2026/03/05,20:29 UTC,-1.3424084E-5,0.0011984156,0.0011984156,0.0011846537,3,20220510,0.2646,1810.0,,,,,
LTC-USD,55.85888,2026/03/05,20:27 UTC,-1.4897614,56.796963,57.108707,55.15826,372846368,20241011,65.5,7.469,0.0,,,Uphold,
LUNA1-USD,2.703567E-4,2022/10/10,02:24 UTC,-3.3590535E-5,2.8711377E-4,2.8711377E-4,2.687506E-4,549120704,20220512,0.01688,10982.0,,,,,
LUNA1-USD,2.703567E-4,2022/10/10,02:24 UTC,-3.3590535E-5,2.8711377E-4,2.8711377E-4,2.687506E-4,549120704,20220515,2.72E-4,500000.0,,,,,
LUNC-USD,4.3150896E-5,2026/03/05,20:27 UTC,-1.7032326E-6,4.4954857E-5,4.5200268E-5,4.274353E-5,12982323,20220606,0.0,11000.0,,,,,
MANA-USD,0.09796403,2026/03/05,20:28 UTC,-0.0025959238,0.09968229,0.10039625,0.09592341,21250342,20240917,0.27939,1789.0,0.0,,,Uphold,
MANA-USD,0.09796403,2026/03/05,20:28 UTC,-0.0025959238,0.09968229,0.10039625,0.09592341,21250342,20230317,0.6,828.46,0.0,,,,
MATIC-USD,0.21823609,2025/03/24,06:47 UTC,0.005908981,0.21275991,0.21826057,0.21034595,1267171,20210519,2.19,1.37,0.0,,,,
MATIC-USD,0.21823609,2025/03/24,06:47 UTC,0.005908981,0.21275991,0.21826057,0.21034595,1267171,20211124,1.74,574.5,0.0,,,,
MATIC-USD,0.21823609,2025/03/24,06:47 UTC,0.005908981,0.21275991,0.21826057,0.21034595,1267171,20211106,1.89,520.9,0.0,,,,
MATIC-USD,0.21823609,2025/03/24,06:47 UTC,0.005908981,0.21275991,0.21826057,0.21034595,1267171,20240912,0.0,30.0,0.0,,,,
MATIC-USD,0.21823609,2025/03/24,06:47 UTC,0.005908981,0.21275991,0.21826057,0.21034595,1267171,20230911,0.51175,977.0,0.0,,,,
MATIC-USD,0.21823609,2025/03/24,06:47 UTC,0.005908981,0.21275991,0.21826057,0.21034595,1267171,20220831,0.8432,1171.09,0.0,,,,
MATIC-USD,0.21823609,2025/03/24,06:47 UTC,0.005908981,0.21275991,0.21826057,0.21034595,1267171,20240912,0.38,514.55,4.75,,,Coinbase ,
MBL-USD,9.23768E-4,2026/03/05,20:29 UTC,-1.6057165E-6,9.1875106E-4,9.38724E-4,9.0926985E-4,1011413,20220823,0.004,50000.0,,,,,
MBL-USD,9.23768E-4,2026/03/05,20:29 UTC,-1.6057165E-6,9.1875106E-4,9.38724E-4,9.0926985E-4,1011413,20221104,0.00347495,50000.0,,,,,
MBL-USD,9.23768E-4,2026/03/05,20:29 UTC,-1.6057165E-6,9.1875106E-4,9.38724E-4,9.0926985E-4,1011413,20221114,0.00245,75000.0,,,,,
MINA-USD,0.056858394,2026/03/05,20:29 UTC,-0.0017377771,0.05786203,0.057919778,0.055659417,3971829,20230317,0.864,347.22,,,,,
MINA-USD,0.056858394,2026/03/05,20:29 UTC,-0.0017377771,0.05786203,0.057919778,0.055659417,3971829,20220525,0.0,3.06,,,,,
MMF-USD,9.8993594E-5,2026/03/05,20:28 UTC,-2.24237E-6,9.960796E-5,9.973336E-5,9.855935E-5,660,20220827,0.0386,3400.0,,,,,
MMF-USD,9.8993594E-5,2026/03/05,20:28 UTC,-2.24237E-6,9.960796E-5,9.973336E-5,9.855935E-5,660,20221104,0.0178,3400.0,,,,,
MMF-USD,9.8993594E-5,2026/03/05,20:28 UTC,-2.24237E-6,9.960796E-5,9.973336E-5,9.855935E-5,660,20231101,0.0045,3400.0,,,,,
MMF-USD,9.8993594E-5,2026/03/05,20:28 UTC,-2.24237E-6,9.960796E-5,9.973336E-5,9.855935E-5,660,20231101,0.0045,3400.0,,,,,
MO,67.26,2026/03/05,15:30 EST,-0.8600006,67.65,67.69,66.16,8030134,20250222,55.05,10.0,0.0,,,Robinhood ,
MOBILE-USD,1.602158E-4,2026/03/05,20:27 UTC,-8.949224E-6,1.6686648E-4,1.6743812E-4,1.570329E-4,155549,20241127,0.0,120000.0,3.4,,,CRO,
MOBILE-USD,1.602158E-4,2026/03/05,20:27 UTC,-8.949224E-6,1.6686648E-4,1.6743812E-4,1.570329E-4,155549,20241127,9.416E-4,120000.0,4.0,,,CRO ,
MXC-USD,7.5720885E-4,2026/03/05,20:28 UTC,-5.393743E-5,7.9252303E-4,8.042713E-4,7.5720885E-4,3697,20221020,0.0548,5472.0,0.0,,,,
MXC-USD,7.5720885E-4,2026/03/05,20:28 UTC,-5.393743E-5,7.9252303E-4,8.042713E-4,7.5720885E-4,3697,20250107,0.00411,25000.0,2.0,,,CRO,
MXC-USD,7.5720885E-4,2026/03/05,20:28 UTC,-5.393743E-5,7.9252303E-4,8.042713E-4,7.5720885E-4,3697,20230821,0.009,15582.0,0.0,,,,
NCT-USD,0.006753337,2026/03/05,20:28 UTC,-1.7747283E-5,0.006744189,0.006768812,0.006641718,147272,20220309,0.042,5950.0,,,,,
NCT-USD,0.006753337,2026/03/05,20:28 UTC,-1.7747283E-5,0.006744189,0.006768812,0.006641718,147272,20221008,0.015473,16154.0,,,,,
NCT-USD,0.006753337,2026/03/05,20:28 UTC,-1.7747283E-5,0.006744189,0.006768812,0.006641718,147272,20221104,0.0087,28242.24,,,,,
NFLX,99.135,2026/03/05,15:30 EST,0.47499847,98.495,100.19,98.1,38141917,20210225,542.94,0.04605,,,,,
NIO,4.655,2026/03/05,15:30 EST,-0.18499994,4.75,4.85,4.62,33215203,20201218,45.65,20.0,0.0,,,,
NIO,4.655,2026/03/05,15:30 EST,-0.18499994,4.75,4.85,4.62,33215203,20220824,18.8,53.0,0.0,,,,
NIO,4.655,2026/03/05,15:30 EST,-0.18499994,4.75,4.85,4.62,33215203,20230419,8.98,13.9,0.0,,,,
NIO,4.655,2026/03/05,15:30 EST,-0.18499994,4.75,4.85,4.62,33215203,20240905,4.52,110.0,0.0,,,Ally,
NKN-USD,0.005560585,2026/03/05,20:28 UTC,2.2980385E-5,0.0055577517,0.0059081344,0.005464254,212487,20211005,0.0,8.08,,,,,
NOT-USD,3.8040656E-4,2026/03/05,20:27 UTC,-4.143134E-6,3.791211E-4,3.8877092E-4,3.6886046E-4,8098469,20250412,0.0019,259050.0,0.0,,,Uphold,
NOT-USD,3.8040656E-4,2026/03/05,20:27 UTC,-4.143134E-6,3.791211E-4,3.8877092E-4,3.6886046E-4,8098469,20250320,0.002632,94606.97,0.0,,,Uphold,
ONDO-USD,0.26637998,2026/03/05,20:27 UTC,-0.0066780746,0.26929948,0.27246466,0.25997263,52484260,20241231,1.42,351.0,5.0,,,,
ONE1-USD,0.018217506,2022/10/10,02:24 UTC,-0.0011786073,0.018435376,0.018435376,0.018068604,14439373,20220514,0.0494,3000.0,,,,,
ONE1-USD,0.018217506,2022/10/10,02:24 UTC,-0.0011786073,0.018435376,0.018435376,0.018068604,14439373,,0.0,40.0,,,,,
ONE1-USD,0.018217506,2022/10/10,02:24 UTC,-0.0011786073,0.018435376,0.018435376,0.018068604,14439373,20230320,0.02,10000.0,,,,,
ONE1-USD,0.018217506,2022/10/10,02:24 UTC,-0.0011786073,0.018435376,0.018435376,0.018068604,14439373,20230509,0.0,46.0,,,,,
ONE1-USD,0.018217506,2022/10/10,02:24 UTC,-0.0011786073,0.018435376,0.018435376,0.018068604,14439373,20231105,0.0,47.0,,,,,
OOKI-USD,1.0002076E-6,2025/08/31,12:56 UTC,0.0,1.0002076E-6,1.0002076E-6,1.0002076E-6,1,20220823,0.00765,20000.0,,,,,
OOKI-USD,1.0002076E-6,2025/08/31,12:56 UTC,0.0,1.0002076E-6,1.0002076E-6,1.0002076E-6,1,20220830,0.00703,21344.0,,,,,
OOKI-USD,1.0002076E-6,2025/08/31,12:56 UTC,0.0,1.0002076E-6,1.0002076E-6,1.0002076E-6,1,20221114,0.00334788,40000.0,,,,,
PDA-USD,0.0017591116,2026/03/05,20:28 UTC,-3.0488009E-5,0.0018005262,0.0018068677,0.0017202974,67104,20240401,0.0,172.0,0.0,,,,
PENGU34466-USD,0.007229344,2026/03/05,20:27 UTC,-1.8535554E-4,0.0072173937,0.00742673,0.006950911,138563792,20250520,0.01281,19523.0,0.0,,,Uphold,
PEPE24478-USD,3.5227822E-6,2026/03/05,20:28 UTC,-2.0454445E-7,3.6554666E-6,3.6554666E-6,3.4175214E-6,409322752,20240927,1.184E-5,1.689E7,5.98,,,Crypto.com,
PEPES-USD,1.2405208E-5,2023/12/20,18:15 UTC,0.0,1.2405208E-5,1.2405208E-5,1.2405208E-5,27770,20230421,5.665E-5,630556.0,,,,,
PEPES-USD,1.2405208E-5,2023/12/20,18:15 UTC,0.0,1.2405208E-5,1.2405208E-5,1.2405208E-5,27770,20230505,3.68E-6,5.4334452E7,,,,,
PEPES-USD,1.2405208E-5,2023/12/20,18:15 UTC,0.0,1.2405208E-5,1.2405208E-5,1.2405208E-5,27770,20230710,1.55E-6,6.4533728E7,,,,,
PFE,26.545,2026/03/05,15:30 EST,-0.07500076,26.39,26.71,26.2,28705052,20180521,35.69,14.0,,,,,
PFE,26.545,2026/03/05,15:30 EST,-0.07500076,26.39,26.71,26.2,28705052,20201218,37.75,30.0,,,,,
PLTR,152.005,2026/03/05,15:30 EST,-1.1080017,152.8,156.38,149.61,42659850,20250603,132.11,4.0,0.0,,,Robinhood ,
PRQ-USD,9.458037E-4,2026/03/05,20:28 UTC,7.945375E-5,8.588112E-4,9.704446E-4,8.484956E-4,63,20220514,0.089,3000.0,,,,,
PYXS,1.39,2026/03/05,15:29 EST,-0.100000024,1.47,1.47,1.34,270806,20230410,4.06,25.0,,,,,
QBTS,18.725,2026/03/05,15:30 EST,-0.18499947,18.59,18.79,17.265,27830404,20250519,12.48,31.0,0.0,,,,
QI9288-USD,0.001912683,2026/03/05,20:28 UTC,-5.2256044E-5,0.0019374753,0.0019468687,0.0018964772,597155,20230326,0.00936,21344.9,,,,,
QNT-USD,66.938675,2026/03/05,20:27 UTC,1.324379,65.18373,67.198654,64.45468,12009380,20220521,69.14,14.46,,,,,
QS,6.885,2026/03/05,15:30 EST,-0.1079998,6.8,6.97,6.71,10032968,20240208,7.54,26.53,0.0,,,,
QS,6.885,2026/03/05,15:30 EST,-0.1079998,6.8,6.97,6.71,10032968,20210303,44.23,9.0,0.0,,,stash,
QS,6.885,2026/03/05,15:30 EST,-0.1079998,6.8,6.97,6.71,10032968,20210514,25.79,19.38766,0.0,,,,
QS,6.885,2026/03/05,15:30 EST,-0.1079998,6.8,6.97,6.71,10032968,20230526,6.29,15.9,0.0,,,,
QS,6.885,2026/03/05,15:30 EST,-0.1079998,6.8,6.97,6.71,10032968,20210930,25.32,23.7,0.0,,,,
QS,6.885,2026/03/05,15:30 EST,-0.1079998,6.8,6.97,6.71,10032968,20230501,6.2,32.26,0.0,,,,
QS,6.885,2026/03/05,15:30 EST,-0.1079998,6.8,6.97,6.71,10032968,20220824,10.93,91.49,0.0,,,,
QS,6.885,2026/03/05,15:30 EST,-0.1079998,6.8,6.97,6.71,10032968,20230501,6.52,30.68,0.0,,,,
QS,6.885,2026/03/05,15:30 EST,-0.1079998,6.8,6.97,6.71,10032968,20250724,12.49,11.0,0.0,,,E*Trade,
QS,6.885,2026/03/05,15:30 EST,-0.1079998,6.8,6.97,6.71,10032968,20230530,6.48,30.878,0.0,,,,
QS,6.885,2026/03/05,15:30 EST,-0.1079998,6.8,6.97,6.71,10032968,20210405,50.94,6.0,0.0,,,,
QS,6.885,2026/03/05,15:30 EST,-0.1079998,6.8,6.97,6.71,10032968,20211101,29.88,6.69,0.0,,,,
QS,6.885,2026/03/05,15:30 EST,-0.1079998,6.8,6.97,6.71,10032968,20210825,21.94,22.789,0.0,,,,
QS,6.885,2026/03/05,15:30 EST,-0.1079998,6.8,6.97,6.71,10032968,20211007,22.73,22.0,0.0,,,,
QS,6.885,2026/03/05,15:30 EST,-0.1079998,6.8,6.97,6.71,10032968,20230609,6.64,15.06,0.0,,,,
QS,6.885,2026/03/05,15:30 EST,-0.1079998,6.8,6.97,6.71,10032968,20210311,58.2,6.86,0.0,,,stash,
QS,6.885,2026/03/05,15:30 EST,-0.1079998,6.8,6.97,6.71,10032968,20210922,23.78,8.7,0.0,,,,
QS,6.885,2026/03/05,15:30 EST,-0.1079998,6.8,6.97,6.71,10032968,20210723,22.44,8.91,0.0,,,,
QS,6.885,2026/03/05,15:30 EST,-0.1079998,6.8,6.97,6.71,10032968,20230523,6.79,14.73,0.0,,,,
QS,6.885,2026/03/05,15:30 EST,-0.1079998,6.8,6.97,6.71,10032968,20210528,25.94,7.71,0.0,,,,
QS,6.885,2026/03/05,15:30 EST,-0.1079998,6.8,6.97,6.71,10032968,20230620,7.43,13.46,0.0,,,,
QSP-USD,0.0061852033,2024/03/12,21:21 UTC,9.957021E-4,0.0051112208,0.0061852033,0.004855552,68289,20220309,0.04974,5026.93,,,,,
QSP-USD,0.0061852033,2024/03/12,21:21 UTC,9.957021E-4,0.0051112208,0.0061852033,0.004855552,68289,20220823,0.02,10000.0,,,,,
QUBE-USD,8.337037E-4,2022/12/01,10:45 UTC,1.5739352E-7,8.346325E-4,8.35706E-4,8.3227037E-4,19,20240129,8.34E-4,27378.0,,,,,
RADAR15188-USD,3.1216233E-4,2026/03/05,20:28 UTC,-1.3507495E-5,3.1933602E-4,3.2503388E-4,3.110036E-4,9016,20221022,0.01,91512.0,,,,,
REEF-USD,7.579984E-5,2026/03/05,20:28 UTC,-3.2973912E-7,7.605981E-5,8.219899E-5,7.408111E-5,548263,20220401,0.0128,25000.0,,,,,
REEF-USD,7.579984E-5,2026/03/05,20:28 UTC,-3.2973912E-7,7.605981E-5,8.219899E-5,7.408111E-5,548263,20220426,0.0084,30000.0,,,,,
REEF-USD,7.579984E-5,2026/03/05,20:28 UTC,-3.2973912E-7,7.605981E-5,8.219899E-5,7.408111E-5,548263,20220517,0.00486,50000.0,,,,,
REEF-USD,7.579984E-5,2026/03/05,20:28 UTC,-3.2973912E-7,7.605981E-5,8.219899E-5,7.408111E-5,548263,20221003,0.00501,12500.0,,,,,
REEF-USD,7.579984E-5,2026/03/05,20:28 UTC,-3.2973912E-7,7.605981E-5,8.219899E-5,7.408111E-5,548263,20221114,0.00346,40000.0,,,,,
RLUSD-USD,0.9999029,2026/03/05,20:25 UTC,5.90086E-5,0.9998291,1.0002489,0.9992475,155055104,20250501,1.0,500.0,0.0,,,Uphold,
RLUSD-USD,0.9999029,2026/03/05,20:25 UTC,5.90086E-5,0.9998291,1.0002489,0.9992475,155055104,20250308,1.0,1997.0,0.0,,,Uphold,
RLY-USD,3.3394957E-5,2026/03/05,20:29 UTC,-1.5356964E-6,3.4427314E-5,3.4440513E-5,3.3292345E-5,829,20220106,0.0,169.25,,,,,
RNDR-USD,6.799348,2024/07/23,06:36 UTC,-0.14138365,6.7353196,6.8219104,6.7353196,56204816,20240722,6.77,72.0,9.0,,,,
RNDR-USD,6.799348,2024/07/23,06:36 UTC,-0.14138365,6.7353196,6.8219104,6.7353196,56204816,20240803,5.12,47.95,5.0,,,Coinbase,
RNDR-USD,6.799348,2024/07/23,06:36 UTC,-0.14138365,6.7353196,6.8219104,6.7353196,56204816,20220205,0.0,0.7646,0.0,,,,
ROBO,73.605,2026/03/05,15:29 EST,-1.6649933,74.7,75.1401,72.81,121435,20210114,66.18,3.02,,,,,
ROBO,73.605,2026/03/05,15:29 EST,-1.6649933,74.7,75.1401,72.81,121435,20210225,65.42,0.38215,,,,,
ROSE-USD,0.012111162,2026/03/05,20:27 UTC,-1.8753763E-4,0.012251901,0.012405509,0.011861146,7124317,20220428,0.21,2293.9,,,,,
ROSE-USD,0.012111162,2026/03/05,20:27 UTC,-1.8753763E-4,0.012251901,0.012405509,0.011861146,7124317,20221008,0.0592,4160.86,,,,,
ROSE-USD,0.012111162,2026/03/05,20:27 UTC,-1.8753763E-4,0.012251901,0.012405509,0.011861146,7124317,20221109,0.0463,5103.89,,,,,
RSR-USD,0.0015819222,2026/03/05,20:28 UTC,-9.446405E-5,0.0016107846,0.0016491618,0.0015366222,9005509,20211221,0.03,1100.0,,,,,
RSR-USD,0.0015819222,2026/03/05,20:28 UTC,-9.446405E-5,0.0016107846,0.0016491618,0.0015366222,9005509,20211222,0.03,15000.0,,,,,
RSR-USD,0.0015819222,2026/03/05,20:28 UTC,-9.446405E-5,0.0016107846,0.0016491618,0.0015366222,9005509,20211231,0.03,11000.0,,,,,
RSR-USD,0.0015819222,2026/03/05,20:28 UTC,-9.446405E-5,0.0016107846,0.0016491618,0.0015366222,9005509,20220107,0.02636,11000.0,,,,,
RSR-USD,0.0015819222,2026/03/05,20:28 UTC,-9.446405E-5,0.0016107846,0.0016491618,0.0015366222,9005509,20220510,0.00708,25000.0,,,,,
RSR-USD,0.0015819222,2026/03/05,20:28 UTC,-9.446405E-5,0.0016107846,0.0016491618,0.0015366222,9005509,20220517,0.00483,50000.0,,,,,
RSR-USD,0.0015819222,2026/03/05,20:28 UTC,-9.446405E-5,0.0016107846,0.0016491618,0.0015366222,9005509,20220823,0.006,40000.0,,,,,
RSR-USD,0.0015819222,2026/03/05,20:28 UTC,-9.446405E-5,0.0016107846,0.0016491618,0.0015366222,9005509,20221114,0.00445693,40000.0,,,,,
RSR-USD,0.0015819222,2026/03/05,20:28 UTC,-9.446405E-5,0.0016107846,0.0016491618,0.0015366222,9005509,20231207,0.00307,65232.0,,,,,
RVN-USD,0.0056466185,2026/03/05,20:27 UTC,-1.6409205E-4,0.00570918,0.0057466775,0.0055582025,4252967,20221025,0.03158,15224.75,,,,,
SC-USD,0.001076175,2026/03/05,20:27 UTC,-2.2773515E-5,0.0010852041,0.0010985481,0.0010623477,4948106,20210222,0.0123018,8128.8917,,,,,
SC-USD,0.001076175,2026/03/05,20:27 UTC,-2.2773515E-5,0.0010852041,0.0010985481,0.0010623477,4948106,20210223,0.0098049000015211,10198.98214,,,,,
SC-USD,0.001076175,2026/03/05,20:27 UTC,-2.2773515E-5,0.0010852041,0.0010985481,0.0010623477,4948106,20210811,0.02,10484.44456,,,,,
SC-USD,0.001076175,2026/03/05,20:27 UTC,-2.2773515E-5,0.0010852041,0.0010985481,0.0010623477,4948106,20210921,0.014,17062.7347,,,,,
SC-USD,0.001076175,2026/03/05,20:27 UTC,-2.2773515E-5,0.0010852041,0.0010985481,0.0010623477,4948106,20220121,0.01076,21000.0,,,,,
SC-USD,0.001076175,2026/03/05,20:27 UTC,-2.2773515E-5,0.0010852041,0.0010985481,0.0010623477,4948106,20220310,0.009,21000.0,,,,,
SC-USD,0.001076175,2026/03/05,20:27 UTC,-2.2773515E-5,0.0010852041,0.0010985481,0.0010623477,4948106,20220428,0.01,21000.0,,,,,
SC-USD,0.001076175,2026/03/05,20:27 UTC,-2.2773515E-5,0.0010852041,0.0010985481,0.0010623477,4948106,20220827,0.004,50000.0,,,,,
SC-USD,0.001076175,2026/03/05,20:27 UTC,-2.2773515E-5,0.0010852041,0.0010985481,0.0010623477,4948106,20221104,0.00357497,21000.0,,,,,
SEI-USD,0.068167195,2026/03/05,20:27 UTC,-0.0023010448,0.06990901,0.06990901,0.0667531,42514952,20230831,0.1356,3686.8,,,,,
SGB-USD,0.007905836,2022/11/04,18:30 UTC,0.0,0.070951425,0.07109969,0.007905836,0,20250308,0.007906,46378.0,0.0,,,Uohold,
SHIB-USD,5.605431E-6,2026/03/05,20:28 UTC,-1.8020182E-7,5.7069783E-6,5.708243E-6,5.452792E-6,120736792,20210618,7.36E-6,1.3586956E7,,,,,
SHIB-USD,5.605431E-6,2026/03/05,20:28 UTC,-1.8020182E-7,5.7069783E-6,5.708243E-6,5.452792E-6,120736792,20210624,7.3E-6,2.05479452E7,,,,,
SHIB-USD,5.605431E-6,2026/03/05,20:28 UTC,-1.8020182E-7,5.7069783E-6,5.708243E-6,5.452792E-6,120736792,20210629,9.14E-6,1.0940919E7,,,,,
SHIB-USD,5.605431E-6,2026/03/05,20:28 UTC,-1.8020182E-7,5.7069783E-6,5.708243E-6,5.452792E-6,120736792,20210629,9.08E-6,1.10132158E7,,,,,
SHIB-USD,5.605431E-6,2026/03/05,20:28 UTC,-1.8020182E-7,5.7069783E-6,5.708243E-6,5.452792E-6,120736792,20210722,6.66E-6,1.5015015E7,,,,,
SHIB-USD,5.605431E-6,2026/03/05,20:28 UTC,-1.8020182E-7,5.7069783E-6,5.708243E-6,5.452792E-6,120736792,20210730,6.3E-6,3.17460317E7,,,,,
SHIB-USD,5.605431E-6,2026/03/05,20:28 UTC,-1.8020182E-7,5.7069783E-6,5.708243E-6,5.452792E-6,120736792,20220102,0.0,945150.0,,,,,
SHIB-USD,5.605431E-6,2026/03/05,20:28 UTC,-1.8020182E-7,5.7069783E-6,5.708243E-6,5.452792E-6,120736792,20211007,3.232E-5,9282178.0,,,,,
SHIB-USD,5.605431E-6,2026/03/05,20:28 UTC,-1.8020182E-7,5.7069783E-6,5.708243E-6,5.452792E-6,120736792,20211007,2.189E-5,9136592.0,,,,,
SHIB-USD,5.605431E-6,2026/03/05,20:28 UTC,-1.8020182E-7,5.7069783E-6,5.708243E-6,5.452792E-6,120736792,20220108,3.0E-5,2.4E7,,,,,
SHIB-USD,5.605431E-6,2026/03/05,20:28 UTC,-1.8020182E-7,5.7069783E-6,5.708243E-6,5.452792E-6,120736792,,0.0,600000.0,,,,,
SHIB-USD,5.605431E-6,2026/03/05,20:28 UTC,-1.8020182E-7,5.7069783E-6,5.708243E-6,5.452792E-6,120736792,20231101,8.1E-6,6.17093718E7,,,,,
SHIB-USD,5.605431E-6,2026/03/05,20:28 UTC,-1.8020182E-7,5.7069783E-6,5.708243E-6,5.452792E-6,120736792,20231118,9.0E-6,2.27766517E7,,,,,
SNDL,1.525,2026/03/05,15:27 EST,-0.014999986,1.53,1.56,1.5133,565141,20220726,4.929,95.0,,,,,
SOCL,46.6,2026/03/05,14:44 EST,-1.2900009,47.05,47.4,46.55,16196,20210225,73.7,1.35686,,,,,
SOL-USD,89.284706,2026/03/05,20:27 UTC,-4.126526,90.885925,92.74348,88.13471,4779074048,20240124,89.94,5.47,,,,,
SOL-USD,89.284706,2026/03/05,20:27 UTC,-4.126526,90.885925,92.74348,88.13471,4779074048,20240125,87.64,5.56,,,,,
SOLO-USD,0.05963873,2026/03/05,20:27 UTC,-0.0057809427,0.06702159,0.06715351,0.05530164,414569,20231124,0.11689,8555.1,,,,,
SONIC29005-USD,0.003884,2026/03/05,20:27 UTC,0.0,0.003884,0.003884,0.003884,0,20250129,0.22,3297.44,0.0,,,CRO,
SPELL-USD,1.7481345E-4,2026/03/05,20:28 UTC,-2.2981694E-6,1.7448133E-4,1.7562472E-4,1.7069967E-4,3512373,20220513,0.0013977,143087.0,,,,,
SPELL-USD,1.7481345E-4,2026/03/05,20:28 UTC,-2.2981694E-6,1.7448133E-4,1.7562472E-4,1.7069967E-4,3512373,20220513,0.00142,200000.0,,,,,
SPELL-USD,1.7481345E-4,2026/03/05,20:28 UTC,-2.2981694E-6,1.7448133E-4,1.7562472E-4,1.7069967E-4,3512373,20220823,0.0015,150000.0,,,,,
SPELL-USD,1.7481345E-4,2026/03/05,20:28 UTC,-2.2981694E-6,1.7448133E-4,1.7562472E-4,1.7069967E-4,3512373,20221017,9.49E-4,210718.0,,,,,
SPELL-USD,1.7481345E-4,2026/03/05,20:28 UTC,-2.2981694E-6,1.7448133E-4,1.7562472E-4,1.7069967E-4,3512373,20231101,5.2826E-4,946707.0,,,,,
STGC,,,,,,,,,20201108,11.25,89.0,,,,,
STGC,,,,,,,,,20210208,9.5,52.0,,,,,
STGC,,,,,,,,,20211210,0.0,282.0,,,,,
STMX-USD,8.642452E-6,2026/03/05,20:27 UTC,1.8242854E-6,6.1840506E-6,8.644195E-6,6.1830865E-6,110,20211022,0.0322,3099.0,,,,,
STMX-USD,8.642452E-6,2026/03/05,20:27 UTC,1.8242854E-6,6.1840506E-6,8.644195E-6,6.1830865E-6,110,20210701,0.02166,4615.5,,,,,
STMX-USD,8.642452E-6,2026/03/05,20:27 UTC,1.8242854E-6,6.1840506E-6,8.644195E-6,6.1830865E-6,110,20211104,0.0,61.0,,,,,
STMX-USD,8.642452E-6,2026/03/05,20:27 UTC,1.8242854E-6,6.1840506E-6,8.644195E-6,6.1830865E-6,110,20220506,0.01446,34563.0,,,,,
SUI20947-USD,0.96216637,2026/03/05,20:27 UTC,-0.017626226,0.9577244,0.9834269,0.930233,576916416,20240914,1.1,322.95,0.0,,,,
TAO22974-USD,188.9659,2026/03/05,20:27 UTC,-3.8564606,186.65256,193.50911,182.4409,134502080,20241112,570.0,1.75,20.0,,,Uphold,
TAO22974-USD,188.9659,2026/03/05,20:27 UTC,-3.8564606,186.65256,193.50911,182.4409,134502080,20241114,529.0,1.889,20.0,,,Uphold,
TAO22974-USD,188.9659,2026/03/05,20:27 UTC,-3.8564606,186.65256,193.50911,182.4409,134502080,20241122,500.0,1.0,20.0,,,Uphold,
TAO22974-USD,188.9659,2026/03/05,20:27 UTC,-3.8564606,186.65256,193.50911,182.4409,134502080,20250219,458.86,1.09,0.0,,,Uphold,
THETA-USD,0.19512439,2026/03/05,20:28 UTC,-0.0053762645,0.19850706,0.20088135,0.191771,13901102,20220521,1.26,778.0,,,,,
TON11419-USD,1.3519473,2026/03/05,20:29 UTC,0.04090798,1.3032088,1.3935006,1.3032088,106701656,20231104,2.228117,438.37,,,,,
TONIC-USD,1.3100802E-8,2026/03/05,20:28 UTC,2.6300917E-10,1.2777833E-8,1.3117641E-8,1.2640582E-8,30938,20220127,1.0E-6,9.0E8,,,,,
TONIC-USD,1.3100802E-8,2026/03/05,20:28 UTC,2.6300917E-10,1.2777833E-8,1.3117641E-8,1.2640582E-8,30938,20220503,4.9387E-7,1.0E9,,,,,
TONIC-USD,1.3100802E-8,2026/03/05,20:28 UTC,2.6300917E-10,1.2777833E-8,1.3117641E-8,1.2640582E-8,30938,,0.0,1.3E7,,,,,
TONIC-USD,1.3100802E-8,2026/03/05,20:28 UTC,2.6300917E-10,1.2777833E-8,1.3117641E-8,1.2640582E-8,30938,20220519,2.509E-7,2.0E9,,,,,
TONIC-USD,1.3100802E-8,2026/03/05,20:28 UTC,2.6300917E-10,1.2777833E-8,1.3117641E-8,1.2640582E-8,30938,20220523,2.246E-7,2.0E9,,,,,
TONIC-USD,1.3100802E-8,2026/03/05,20:28 UTC,2.6300917E-10,1.2777833E-8,1.3117641E-8,1.2640582E-8,30938,20220810,0.0,6.0E8,,,,,
TONIC-USD,1.3100802E-8,2026/03/05,20:28 UTC,2.6300917E-10,1.2777833E-8,1.3117641E-8,1.2640582E-8,30938,20221025,0.0,1.07049717E8,,,,,
TOSHI27750-USD,2.1082873E-4,2026/03/05,20:27 UTC,-6.6921057E-6,2.1376746E-4,2.159741E-4,2.0768068E-4,10684535,20250116,3.737E-4,285000.0,3.0,,,CRO,
TRX-USD,0.2829095,2026/03/05,20:28 UTC,-0.0047994256,0.28707755,0.2879896,0.28254995,522571712,20210205,0.0369,1355.01355,,,,,
TRX-USD,0.2829095,2026/03/05,20:28 UTC,-0.0047994256,0.28707755,0.2879896,0.28254995,522571712,20210213,0.0541,1848.428835,,,,,
TRX-USD,0.2829095,2026/03/05,20:28 UTC,-0.0047994256,0.28707755,0.2879896,0.28254995,522571712,20210227,0.0472,2118.644068,,,,,
TRX-USD,0.2829095,2026/03/05,20:28 UTC,-0.0047994256,0.28707755,0.2879896,0.28254995,522571712,20210712,0.0624,21.13,,,,,
TRX-USD,0.2829095,2026/03/05,20:28 UTC,-0.0047994256,0.28707755,0.2879896,0.28254995,522571712,20210809,0.0728,21.72,,,,,
TRX-USD,0.2829095,2026/03/05,20:28 UTC,-0.0047994256,0.28707755,0.2879896,0.28254995,522571712,20210609,0.0755,22.32,,,,,
TRX-USD,0.2829095,2026/03/05,20:28 UTC,-0.0047994256,0.28707755,0.2879896,0.28254995,522571712,20210408,0.1226,11.69,,,,,
TRX-USD,0.2829095,2026/03/05,20:28 UTC,-0.0047994256,0.28707755,0.2879896,0.28254995,522571712,20210510,0.1466,22.26,,,,,
TRX-USD,0.2829095,2026/03/05,20:28 UTC,-0.0047994256,0.28707755,0.2879896,0.28254995,522571712,20211111,0.0,181.19,,,,,
TRX-USD,0.2829095,2026/03/05,20:28 UTC,-0.0047994256,0.28707755,0.2879896,0.28254995,522571712,20220520,0.07,6717.0,,,,,
TRX-USD,0.2829095,2026/03/05,20:28 UTC,-0.0047994256,0.28707755,0.2879896,0.28254995,522571712,20220908,0.0619,7746.9,,,,,
TRX-USD,0.2829095,2026/03/05,20:28 UTC,-0.0047994256,0.28707755,0.2879896,0.28254995,522571712,20230311,0.059,17332.0,,,,,
TXT,96.51,2026/03/05,15:29 EST,-2.7999954,98.57,98.695,95.54,799842,20180606,68.86,7.33,,,,,
UL,67.4,2026/03/05,15:30 EST,-1.6699982,67.83,68.05,67.23,3671731,20200604,53.19,2.0,,,,,
UMA-USD,0.42754865,2026/03/05,20:27 UTC,-0.012225419,0.43661663,0.43661663,0.42225108,4704132,20220106,0.0,0.2834,0.0,,,,
UMA-USD,0.42754865,2026/03/05,20:27 UTC,-0.012225419,0.43661663,0.43661663,0.42225108,4704132,20240927,2.69477,185.54447,0.0,,,Uphold ,
UNI7083-USD,4.0153837,2026/03/05,20:28 UTC,-0.026923656,3.9777448,4.079804,3.9444044,285653824,20230828,4.79,104.0,,,,,
UNI7083-USD,4.0153837,2026/03/05,20:28 UTC,-0.026923656,3.9777448,4.079804,3.9444044,285653824,20230830,4.79,250.0,,,,,
VET-USD,0.0073482636,2026/03/05,20:28 UTC,-2.292986E-4,0.007448432,0.007512273,0.007176748,25605818,20210521,0.1,150.0,,,,,
VET-USD,0.0073482636,2026/03/05,20:28 UTC,-2.292986E-4,0.007448432,0.007512273,0.007176748,25605818,20210523,0.0915,2185.3,,,,,
VET-USD,0.0073482636,2026/03/05,20:28 UTC,-2.292986E-4,0.007448432,0.007512273,0.007176748,25605818,20210624,0.081,2467.4,,,,,
VET-USD,0.0073482636,2026/03/05,20:28 UTC,-2.292986E-4,0.007448432,0.007512273,0.007176748,25605818,20210701,0.0864,2312.8,,,,,
VET-USD,0.0073482636,2026/03/05,20:28 UTC,-2.292986E-4,0.007448432,0.007512273,0.007176748,25605818,20210708,0.0789,1266.6,,,,,
VET-USD,0.0073482636,2026/03/05,20:28 UTC,-2.292986E-4,0.007448432,0.007512273,0.007176748,25605818,20211029,0.1358,7363.0,,,,,
VET-USD,0.0073482636,2026/03/05,20:28 UTC,-2.292986E-4,0.007448432,0.007512273,0.007176748,25605818,20220121,0.05728,12500.0,,,,,
VET-USD,0.0073482636,2026/03/05,20:28 UTC,-2.292986E-4,0.007448432,0.007512273,0.007176748,25605818,20220310,0.04684,12500.0,,,,,
VET-USD,0.0073482636,2026/03/05,20:28 UTC,-2.292986E-4,0.007448432,0.007512273,0.007176748,25605818,20220509,0.041866,15000.0,,,,,
VET-USD,0.0073482636,2026/03/05,20:28 UTC,-2.292986E-4,0.007448432,0.007512273,0.007176748,25605818,20230417,0.0,451.0,,,,,
VET-USD,0.0073482636,2026/03/05,20:28 UTC,-2.292986E-4,0.007448432,0.007512273,0.007176748,25605818,20221109,0.0206,12500.0,,,,,
VET-USD,0.0073482636,2026/03/05,20:28 UTC,-2.292986E-4,0.007448432,0.007512273,0.007176748,25605818,20230504,0.0,56.0,,,,,
VET-USD,0.0073482636,2026/03/05,20:28 UTC,-2.292986E-4,0.007448432,0.007512273,0.007176748,25605818,20230921,0.0,191.0,,,,,
VET-USD,0.0073482636,2026/03/05,20:28 UTC,-2.292986E-4,0.007448432,0.007512273,0.007176748,25605818,20230327,0.0,95.0,,,,,
VET-USD,0.0073482636,2026/03/05,20:28 UTC,-2.292986E-4,0.007448432,0.007512273,0.007176748,25605818,20230505,0.0,56.0,,,,,
VET-USD,0.0073482636,2026/03/05,20:28 UTC,-2.292986E-4,0.007448432,0.007512273,0.007176748,25605818,20230509,0.0,37.0,,,,,
VET-USD,0.0073482636,2026/03/05,20:28 UTC,-2.292986E-4,0.007448432,0.007512273,0.007176748,25605818,20230509,0.0,28.0,,,,,
VET-USD,0.0073482636,2026/03/05,20:28 UTC,-2.292986E-4,0.007448432,0.007512273,0.007176748,25605818,20231105,0.0,206.0,,,,,
VET-USD,0.0073482636,2026/03/05,20:28 UTC,-2.292986E-4,0.007448432,0.007512273,0.007176748,25605818,20231207,0.02582,7745.0,,,,,
VGT,730.44,2026/03/05,15:29 EST,-2.6900024,729.29,739.2199,722.62,384138,20210225,354.16,0.07059,,,,,
VIRTUAL-USD,0.7246834,2026/03/05,20:27 UTC,-0.050030828,0.75123966,0.7548902,0.7086109,90611368,20250311,0.57,852.0,0.0,,,Uphold,
VRA-USD,2.1171187E-5,2026/03/05,20:27 UTC,-1.5694968E-7,2.1158046E-5,2.2081635E-5,2.0571068E-5,312637,20220522,0.00815,61941.0,,,,,
VT,143.215,2026/03/05,15:30 EST,-2.0449982,144.01,144.86,142.3,9558606,20210225,95.58,0.26156,,,,,
VTHO-USD,5.9249165E-4,2026/03/05,20:28 UTC,-1.5251513E-5,6.0103514E-4,6.0787855E-4,5.8553106E-4,1390506,20210318,0.0106,8782.0,,,,,
VTHO-USD,5.9249165E-4,2026/03/05,20:28 UTC,-1.5251513E-5,6.0103514E-4,6.0787855E-4,5.8553106E-4,1390506,20210524,0.0097,20618.0,,,,,
VTHO-USD,5.9249165E-4,2026/03/05,20:28 UTC,-1.5251513E-5,6.0103514E-4,6.0787855E-4,5.8553106E-4,1390506,20210318,0.01077297,2678.0,,,,,
VTHO-USD,5.9249165E-4,2026/03/05,20:28 UTC,-1.5251513E-5,6.0103514E-4,6.0787855E-4,5.8553106E-4,1390506,20230913,0.00164,60680.0,,,,,
VTI,335.01,2026/03/05,15:30 EST,-3.1799927,336.58,338.36,333.14,7636545,20210408,212.46,2.62661206,,,,,
VTI,335.01,2026/03/05,15:30 EST,-3.1799927,336.58,338.36,333.14,7636545,20240208,247.19,0.80909,,,,,
VVS-USD,1.5092082E-6,2026/03/05,20:28 UTC,-3.0887122E-8,1.5097356E-6,1.5213258E-6,1.4898021E-6,243749,20211229,5.19E-6,2.6E7,,,,,
VVS-USD,1.5092082E-6,2026/03/05,20:28 UTC,-3.0887122E-8,1.5097356E-6,1.5213258E-6,1.4898021E-6,243749,20220107,5.19E-6,3000000.0,,,,,
VVS-USD,1.5092082E-6,2026/03/05,20:28 UTC,-3.0887122E-8,1.5097356E-6,1.5213258E-6,1.4898021E-6,243749,20220326,0.0,223000.0,,,,,
VVS-USD,1.5092082E-6,2026/03/05,20:28 UTC,-3.0887122E-8,1.5097356E-6,1.5213258E-6,1.4898021E-6,243749,20220510,0.0,280000.0,,,,,
VVS-USD,1.5092082E-6,2026/03/05,20:28 UTC,-3.0887122E-8,1.5097356E-6,1.5213258E-6,1.4898021E-6,243749,20220131,3.4E-5,2.0E7,,,,,
VVS-USD,1.5092082E-6,2026/03/05,20:28 UTC,-3.0887122E-8,1.5097356E-6,1.5213258E-6,1.4898021E-6,243749,20220606,8.0E-6,1.0E8,,,,,
VVS-USD,1.5092082E-6,2026/03/05,20:28 UTC,-3.0887122E-8,1.5097356E-6,1.5213258E-6,1.4898021E-6,243749,20220810,0.0,2.0E7,,,,,
VVS-USD,1.5092082E-6,2026/03/05,20:28 UTC,-3.0887122E-8,1.5097356E-6,1.5213258E-6,1.4898021E-6,243749,20221111,4.798E-6,1.0E8,,,,,
VVS-USD,1.5092082E-6,2026/03/05,20:28 UTC,-3.0887122E-8,1.5097356E-6,1.5213258E-6,1.4898021E-6,243749,20230828,2.0E-6,1.23587E8,,,,,
VWO,54.7,2026/03/05,15:29 EST,-0.88000107,54.94,55.33,54.24,12620642,20210225,53.21,0.93967,,,,,
WLD-USD,0.41246048,2026/03/05,20:27 UTC,-0.013285726,0.4201068,0.42036074,0.4032398,111310864,20250604,1.158,863.0,0.0,,,Uphold,
WMTX-USD,0.065469444,2026/03/05,20:27 UTC,-0.002979979,0.06807407,0.06906655,0.064221196,29296178,20251104,0.0,238.0,0.0,,,Uphold,
WMTX-USD,0.065469444,2026/03/05,20:27 UTC,-0.002979979,0.06807407,0.06906655,0.064221196,29296178,20251202,0.0,291.0,0.0,,,Uphold,
WMTX-USD,0.065469444,2026/03/05,20:27 UTC,-0.002979979,0.06807407,0.06906655,0.064221196,29296178,20260113,0.0,337.0,0.0,,,,
WMTX-USD,0.065469444,2026/03/05,20:27 UTC,-0.002979979,0.06807407,0.06906655,0.064221196,29296178,20250306,0.2422,2064.0,0.0,,,Uphold,
WOJAK-USD,6.2389766E-8,2026/03/05,20:28 UTC,3.3296594E-8,2.7139725E-8,6.401351E-8,2.6267127E-8,43510,20230421,5.865E-5,1926677.0,,,,,
XCN18679-USD,0.004688639,2026/03/05,20:28 UTC,-1.1919858E-4,0.0048388243,0.0048564747,0.004649313,5166222,20231107,9.6E-4,205305.15,,,,,
XCN18679-USD,0.004688639,2026/03/05,20:28 UTC,-1.1919858E-4,0.0048388243,0.0048564747,0.004649313,5166222,20220908,0.0,44.0,,,,,
XDC-USD,0.03481762,2026/03/05,20:27 UTC,-7.7525526E-4,0.03561289,0.03564314,0.034653734,16534116,20220429,0.05762,4968.9834,0.0,,,,
XDC-USD,0.03481762,2026/03/05,20:27 UTC,-7.7525526E-4,0.03561289,0.03564314,0.034653734,16534116,20220512,0.0438,11396.0,0.0,,,,
XDC-USD,0.03481762,2026/03/05,20:27 UTC,-7.7525526E-4,0.03561289,0.03564314,0.034653734,16534116,20211208,0.0836,2392.33,0.0,,,,
XDC-USD,0.03481762,2026/03/05,20:27 UTC,-7.7525526E-4,0.03561289,0.03564314,0.034653734,16534116,20240812,0.0269,12575.31,0.0,,,Uphold,
XDC-USD,0.03481762,2026/03/05,20:27 UTC,-7.7525526E-4,0.03561289,0.03564314,0.034653734,16534116,20241211,0.1078,2684.0,0.99,,,Uphold,
XDC-USD,0.03481762,2026/03/05,20:27 UTC,-7.7525526E-4,0.03561289,0.03564314,0.034653734,16534116,20220715,0.02778,17997.0,0.0,,,,
XDC-USD,0.03481762,2026/03/05,20:27 UTC,-7.7525526E-4,0.03561289,0.03564314,0.034653734,16534116,20220506,0.062,7685.0,0.0,,,,
XDC-USD,0.03481762,2026/03/05,20:27 UTC,-7.7525526E-4,0.03561289,0.03564314,0.034653734,16534116,20220510,0.06,16590.0,0.0,,,,
XDC-USD,0.03481762,2026/03/05,20:27 UTC,-7.7525526E-4,0.03561289,0.03564314,0.034653734,16534116,20210831,0.13,1397.787,0.0,,,,
XDC-USD,0.03481762,2026/03/05,20:27 UTC,-7.7525526E-4,0.03561289,0.03564314,0.034653734,16534116,20211208,0.08428,2373.13,0.0,,,,
XLM-USD,0.15826158,2026/03/05,20:27 UTC,-0.0056983083,0.15963866,0.16085352,0.15468398,124957144,20210719,0.2164,2312.7,0.0,,,,
XLM-USD,0.15826158,2026/03/05,20:27 UTC,-0.0056983083,0.15963866,0.16085352,0.15468398,124957144,20211105,0.37,20000.0,0.0,,,,
XLM-USD,0.15826158,2026/03/05,20:27 UTC,-0.0056983083,0.15963866,0.16085352,0.15468398,124957144,20201219,0.1794,540.88,0.0,,,,
XLM-USD,0.15826158,2026/03/05,20:27 UTC,-0.0056983083,0.15963866,0.16085352,0.15468398,124957144,20191127,0.0595,1630.31,0.0,,,,
XLM-USD,0.15826158,2026/03/05,20:27 UTC,-0.0056983083,0.15963866,0.16085352,0.15468398,124957144,20240812,0.101,3353.0,0.0,,,Uphold,
XLM-USD,0.15826158,2026/03/05,20:27 UTC,-0.0056983083,0.15963866,0.16085352,0.15468398,124957144,20190627,0.1085,894.09,0.0,,,,
XLM-USD,0.15826158,2026/03/05,20:27 UTC,-0.0056983083,0.15963866,0.16085352,0.15468398,124957144,20210214,0.5325,93.86146,0.0,,,,
XLM-USD,0.15826158,2026/03/05,20:27 UTC,-0.0056983083,0.15963866,0.16085352,0.15468398,124957144,20200324,0.0405,2395.933,0.0,,,,
XLM-USD,0.15826158,2026/03/05,20:27 UTC,-0.0056983083,0.15963866,0.16085352,0.15468398,124957144,20201216,0.1839,2678.32,0.0,,,,
XLM-USD,0.15826158,2026/03/05,20:27 UTC,-0.0056983083,0.15963866,0.16085352,0.15468398,124957144,20201209,0.0,233.0,0.0,,,,
XLM-USD,0.15826158,2026/03/05,20:27 UTC,-0.0056983083,0.15963866,0.16085352,0.15468398,124957144,20200313,0.0377,2570.0,0.0,,,,
XLM-USD,0.15826158,2026/03/05,20:27 UTC,-0.0056983083,0.15963866,0.16085352,0.15468398,124957144,20231123,0.11962,1672.0,0.0,,,,
XLM-USD,0.15826158,2026/03/05,20:27 UTC,-0.0056983083,0.15963866,0.16085352,0.15468398,124957144,20190520,0.1359,713.57,0.0,,,,
XLM-USD,0.15826158,2026/03/05,20:27 UTC,-0.0056983083,0.15963866,0.16085352,0.15468398,124957144,20200130,0.06,1574.0,0.0,,,,
XLM-USD,0.15826158,2026/03/05,20:27 UTC,-0.0056983083,0.15963866,0.16085352,0.15468398,124957144,20201224,0.1542,1277.0,0.0,,,,
XLM-USD,0.15826158,2026/03/05,20:27 UTC,-0.0056983083,0.15963866,0.16085352,0.15468398,124957144,20221114,0.0,12770.53,0.0,,,,
XLM-USD,0.15826158,2026/03/05,20:27 UTC,-0.0056983083,0.15963866,0.16085352,0.15468398,124957144,20210206,0.3517,284.33,0.0,,,,
XLM-USD,0.15826158,2026/03/05,20:27 UTC,-0.0056983083,0.15963866,0.16085352,0.15468398,124957144,20210523,0.3,666.6,0.0,,,,
XNO-USD,0.545498,2026/03/05,20:28 UTC,-0.0013997555,0.54405415,0.56085163,0.5409708,443086,20241130,1.277,195.0,0.99,,,Uphold,
XPR-USD,0.0022372962,2026/03/05,20:28 UTC,-5.3665834E-5,0.002312003,0.00236623,0.0022222803,2154638,20220627,0.002822,338301.0,0.0,,,Initially bought on CB moved cypherock,
XPR-USD,0.0022372962,2026/03/05,20:28 UTC,-5.3665834E-5,0.002312003,0.00236623,0.0022222803,2154638,20250121,0.00182047,312654.0,8.0,,,Ledgerx,
XRP-USD,1.4158853,2026/03/05,20:27 UTC,-0.043073893,1.4305917,1.4501917,1.4002895,2941270784,20210714,0.625,320.57,0.0,,,,
XRP-USD,1.4158853,2026/03/05,20:27 UTC,-0.043073893,1.4305917,1.4501917,1.4002895,2941270784,20211126,0.95,1032.76,0.0,,,,
XRP-USD,1.4158853,2026/03/05,20:27 UTC,-0.043073893,1.4305917,1.4501917,1.4002895,2941270784,20210719,0.5645,1771.2,0.0,,,,
XRP-USD,1.4158853,2026/03/05,20:27 UTC,-0.043073893,1.4305917,1.4501917,1.4002895,2941270784,20230315,0.36646,2763.42,0.0,,,,
XRP-USD,1.4158853,2026/03/05,20:27 UTC,-0.043073893,1.4305917,1.4501917,1.4002895,2941270784,20260202,0.0,154.0,0.0,,,Uphold,
XRP-USD,1.4158853,2026/03/05,20:27 UTC,-0.043073893,1.4305917,1.4501917,1.4002895,2941270784,20260202,0.0,193.0,0.0,,,Uphold,
XRP-USD,1.4158853,2026/03/05,20:27 UTC,-0.043073893,1.4305917,1.4501917,1.4002895,2941270784,20220820,0.3439,2907.64,0.0,,,,
XRP-USD,1.4158853,2026/03/05,20:27 UTC,-0.043073893,1.4305917,1.4501917,1.4002895,2941270784,20260304,0.0,93.5,0.0,,,Uphold,
XRP-USD,1.4158853,2026/03/05,20:27 UTC,-0.043073893,1.4305917,1.4501917,1.4002895,2941270784,20201216,0.5395,913.205,0.0,,,,
XRP-USD,1.4158853,2026/03/05,20:27 UTC,-0.043073893,1.4305917,1.4501917,1.4002895,2941270784,20260304,0.0,144.29,0.0,,,Uphold,
XRP-USD,1.4158853,2026/03/05,20:27 UTC,-0.043073893,1.4305917,1.4501917,1.4002895,2941270784,20230831,0.53441,1886.17,0.0,,,,
XRP-USD,1.4158853,2026/03/05,20:27 UTC,-0.043073893,1.4305917,1.4501917,1.4002895,2941270784,20210521,1.01846,196.3756,0.0,,,,
XRP-USD,1.4158853,2026/03/05,20:27 UTC,-0.043073893,1.4305917,1.4501917,1.4002895,2941270784,20221102,0.0,3196.0,0.0,,,,
XRP-USD,1.4158853,2026/03/05,20:27 UTC,-0.043073893,1.4305917,1.4501917,1.4002895,2941270784,20230831,0.53574,1000.0,0.0,,,,
XRP-USD,1.4158853,2026/03/05,20:27 UTC,-0.043073893,1.4305917,1.4501917,1.4002895,2941270784,20211117,1.09,180.0,0.0,,,,
XRP-USD,1.4158853,2026/03/05,20:27 UTC,-0.043073893,1.4305917,1.4501917,1.4002895,2941270784,20230907,0.5,1001.0,0.0,,,,
XRP-USD,1.4158853,2026/03/05,20:27 UTC,-0.043073893,1.4305917,1.4501917,1.4002895,2941270784,20220426,0.6561,500.0,0.0,,,,
XRP-USD,1.4158853,2026/03/05,20:27 UTC,-0.043073893,1.4305917,1.4501917,1.4002895,2941270784,20230831,0.5192,1926.0,0.0,,,,
XRP-USD,1.4158853,2026/03/05,20:27 UTC,-0.043073893,1.4305917,1.4501917,1.4002895,2941270784,20201224,0.2743,1078.0,0.0,,,,
XRP-USD,1.4158853,2026/03/05,20:27 UTC,-0.043073893,1.4305917,1.4501917,1.4002895,2941270784,20210423,1.12513,177.757359,0.0,,,,
XRP-USD,1.4158853,2026/03/05,20:27 UTC,-0.043073893,1.4305917,1.4501917,1.4002895,2941270784,20220823,0.35,2846.0,0.0,,,,
XRP-USD,1.4158853,2026/03/05,20:27 UTC,-0.043073893,1.4305917,1.4501917,1.4002895,2941270784,20201228,0.2253,1312.0,0.0,,,,
XRP-USD,1.4158853,2026/03/05,20:27 UTC,-0.043073893,1.4305917,1.4501917,1.4002895,2941270784,20250522,2.43,333.0,0.0,,,Uphold,
XRP-USD,1.4158853,2026/03/05,20:27 UTC,-0.043073893,1.4305917,1.4501917,1.4002895,2941270784,20201219,0.5758,168.49,0.0,,,,
XRP-USD,1.4158853,2026/03/05,20:27 UTC,-0.043073893,1.4305917,1.4501917,1.4002895,2941270784,20220503,0.62,770.5,0.0,,,,
XRP-USD,1.4158853,2026/03/05,20:27 UTC,-0.043073893,1.4305917,1.4501917,1.4002895,2941270784,20240812,0.787,1270.55,0.0,,,,
XRP-USD,1.4158853,2026/03/05,20:27 UTC,-0.043073893,1.4305917,1.4501917,1.4002895,2941270784,20210415,1.78273,112.187756,0.0,,,,
XRP-USD,1.4158853,2026/03/05,20:27 UTC,-0.043073893,1.4305917,1.4501917,1.4002895,2941270784,20210421,1.31,152.596,0.0,,,,
XRP-USD,1.4158853,2026/03/05,20:27 UTC,-0.043073893,1.4305917,1.4501917,1.4002895,2941270784,20210624,0.6711,744.24,0.0,,,,
XRP-USD,1.4158853,2026/03/05,20:27 UTC,-0.043073893,1.4305917,1.4501917,1.4002895,2941270784,20221109,0.34668,2774.715549,0.0,,,,
XRP-USD,1.4158853,2026/03/05,20:27 UTC,-0.043073893,1.4305917,1.4501917,1.4002895,2941270784,20210624,0.67689,729.71,0.0,,,,
XRP-USD,1.4158853,2026/03/05,20:27 UTC,-0.043073893,1.4305917,1.4501917,1.4002895,2941270784,20220121,0.629,1589.0,0.0,,,,
XRP-USD,1.4158853,2026/03/05,20:27 UTC,-0.043073893,1.4305917,1.4501917,1.4002895,2941270784,20191129,0.2326,417.145044,0.0,,,,
XRP-USD,1.4158853,2026/03/05,20:27 UTC,-0.043073893,1.4305917,1.4501917,1.4002895,2941270784,20190517,0.3915,247.79,0.0,,,,
XRP-USD,1.4158853,2026/03/05,20:27 UTC,-0.043073893,1.4305917,1.4501917,1.4002895,2941270784,20220523,0.41,2395.0,0.0,,,,
XRP-USD,1.4158853,2026/03/05,20:27 UTC,-0.043073893,1.4305917,1.4501917,1.4002895,2941270784,20211031,1.14,2169.0,0.0,,,,
XRP-USD,1.4158853,2026/03/05,20:27 UTC,-0.043073893,1.4305917,1.4501917,1.4002895,2941270784,20190627,0.4097,236.76,0.0,,,,
XRP-USD,1.4158853,2026/03/05,20:27 UTC,-0.043073893,1.4305917,1.4501917,1.4002895,2941270784,20240119,0.55,1060.0,0.0,,,,
XRP-USD,1.4158853,2026/03/05,20:27 UTC,-0.043073893,1.4305917,1.4501917,1.4002895,2941270784,20211228,0.869,1150.0,0.0,,,,
XRP-USD,1.4158853,2026/03/05,20:27 UTC,-0.043073893,1.4305917,1.4501917,1.4002895,2941270784,20220826,0.3532,7077.57,0.0,,,,
XRP-USD,1.4158853,2026/03/05,20:27 UTC,-0.043073893,1.4305917,1.4501917,1.4002895,2941270784,20220824,0.3542,5645.87,0.0,,,,
XRP-USD,1.4158853,2026/03/05,20:27 UTC,-0.043073893,1.4305917,1.4501917,1.4002895,2941270784,20220218,0.7977,2507.0,0.0,,,,
XRP-USD,1.4158853,2026/03/05,20:27 UTC,-0.043073893,1.4305917,1.4501917,1.4002895,2941270784,20220510,0.53,1884.0,0.0,,,,
XRP-USD,1.4158853,2026/03/05,20:27 UTC,-0.043073893,1.4305917,1.4501917,1.4002895,2941270784,20210622,0.574,344.0,0.0,,,,
XRP-USD,1.4158853,2026/03/05,20:27 UTC,-0.043073893,1.4305917,1.4501917,1.4002895,2941270784,20211030,1.12,2194.0,0.0,,,,
XRP-USD,1.4158853,2026/03/05,20:27 UTC,-0.043073893,1.4305917,1.4501917,1.4002895,2941270784,20241015,0.54,447.35,1.0,,,Uphold ,
XRP-USD,1.4158853,2026/03/05,20:27 UTC,-0.043073893,1.4305917,1.4501917,1.4002895,2941270784,20211029,1.09,2286.0,0.0,,,,
XRP-USD,1.4158853,2026/03/05,20:27 UTC,-0.043073893,1.4305917,1.4501917,1.4002895,2941270784,20220222,0.7069,2829.05,0.0,,,,
XRP-USD,1.4158853,2026/03/05,20:27 UTC,-0.043073893,1.4305917,1.4501917,1.4002895,2941270784,20240812,0.58,584.0,0.0,,,Uphold,
XRP-USD,1.4158853,2026/03/05,20:27 UTC,-0.043073893,1.4305917,1.4501917,1.4002895,2941270784,20190515,0.4646,208.8,0.0,,,,
XRP-USD,1.4158853,2026/03/05,20:27 UTC,-0.043073893,1.4305917,1.4501917,1.4002895,2941270784,20200324,0.1638,592.192412,0.0,,,,
XRP-USD,1.4158853,2026/03/05,20:27 UTC,-0.043073893,1.4305917,1.4501917,1.4002895,2941270784,20190516,0.404,363.88,0.0,,,,
XRP-USD,1.4158853,2026/03/05,20:27 UTC,-0.043073893,1.4305917,1.4501917,1.4002895,2941270784,20200313,0.1493,649.57,0.0,,,,
XRP-USD,1.4158853,2026/03/05,20:27 UTC,-0.043073893,1.4305917,1.4501917,1.4002895,2941270784,20210520,1.24,402.75,0.0,,,,
XRP-USD,1.4158853,2026/03/05,20:27 UTC,-0.043073893,1.4305917,1.4501917,1.4002895,2941270784,20251104,0.0,128.0,0.0,,,Uphold,
XRP-USD,1.4158853,2026/03/05,20:27 UTC,-0.043073893,1.4305917,1.4501917,1.4002895,2941270784,20220613,0.31,1526.0,0.0,,,,
XRP-USD,1.4158853,2026/03/05,20:27 UTC,-0.043073893,1.4305917,1.4501917,1.4002895,2941270784,20220620,0.34,1541.0,0.0,,,,
XRP-USD,1.4158853,2026/03/05,20:27 UTC,-0.043073893,1.4305917,1.4501917,1.4002895,2941270784,20251202,0.0,172.0,0.0,,,Uphold,
XRP-USD,1.4158853,2026/03/05,20:27 UTC,-0.043073893,1.4305917,1.4501917,1.4002895,2941270784,20210811,0.93,2086.945,0.0,,,,
XRP-USD,1.4158853,2026/03/05,20:27 UTC,-0.043073893,1.4305917,1.4501917,1.4002895,2941270784,20211101,1.11,2230.0,0.0,,,,
XRP-USD,1.4158853,2026/03/05,20:27 UTC,-0.043073893,1.4305917,1.4501917,1.4002895,2941270784,20220511,0.39,2561.0,0.0,,,,
XRP-USD,1.4158853,2026/03/05,20:27 UTC,-0.043073893,1.4305917,1.4501917,1.4002895,2941270784,20220512,0.37,2643.0,0.0,,,,
XTIA,2.5209,2026/03/05,15:29 EST,-0.03909993,2.59,2.6863,2.4,2868126,20240313,0.64,500.0,,,,,
XTZ-USD,0.38415322,2026/03/05,20:28 UTC,-0.0072641075,0.39015308,0.39015308,0.37683508,14246084,20240922,0.7,702.156,9.25,,,Coinbase ,
XVG-USD,0.005472697,2026/03/05,20:27 UTC,-2.4007494E-4,0.005643857,0.005643857,0.005358506,4063118,20230627,0.00174,43884.0,,,,,
XVG-USD,0.005472697,2026/03/05,20:27 UTC,-2.4007494E-4,0.005643857,0.005643857,0.005358506,4063118,20230626,0.00184,42921.0,,,,,
XYO-USD,0.0042099967,2026/03/05,20:27 UTC,-7.752981E-5,0.0041948278,0.004584462,0.0041611134,4414998,20211221,0.03933,3000.0,,,,,
XYO-USD,0.0042099967,2026/03/05,20:27 UTC,-7.752981E-5,0.0041948278,0.004584462,0.0041611134,4414998,20211227,0.0406,10000.0,,,,,
XYO-USD,0.0042099967,2026/03/05,20:27 UTC,-7.752981E-5,0.0041948278,0.004584462,0.0041611134,4414998,20211231,0.0348,5000.0,,,,,
XYO-USD,0.0042099967,2026/03/05,20:27 UTC,-7.752981E-5,0.0041948278,0.004584462,0.0041611134,4414998,20220107,0.0308,5000.0,,,,,
XYO-USD,0.0042099967,2026/03/05,20:27 UTC,-7.752981E-5,0.0041948278,0.004584462,0.0041611134,4414998,20220508,0.013754,5000.0,,,,,
XYO-USD,0.0042099967,2026/03/05,20:27 UTC,-7.752981E-5,0.0041948278,0.004584462,0.0041611134,4414998,20220509,0.01,5000.0,,,,,
XYO-USD,0.0042099967,2026/03/05,20:27 UTC,-7.752981E-5,0.0041948278,0.004584462,0.0041611134,4414998,20220510,0.01186,5000.0,,,,,
XYO-USD,0.0042099967,2026/03/05,20:27 UTC,-7.752981E-5,0.0041948278,0.004584462,0.0041611134,4414998,20220512,0.008,60000.0,,,,,
XYO-USD,0.0042099967,2026/03/05,20:27 UTC,-7.752981E-5,0.0041948278,0.004584462,0.0041611134,4414998,20220517,0.0111,15000.0,,,,,
XYO-USD,0.0042099967,2026/03/05,20:27 UTC,-7.752981E-5,0.0041948278,0.004584462,0.0041611134,4414998,20230324,0.005,35663.9,,,,,
XYO-USD,0.0042099967,2026/03/05,20:27 UTC,-7.752981E-5,0.0041948278,0.004584462,0.0041611134,4414998,20231107,0.0036,54940.816,,,,,
XYO-USD,0.0042099967,2026/03/05,20:27 UTC,-7.752981E-5,0.0041948278,0.004584462,0.0041611134,4414998,20231107,0.0036,54786.0,,,,,
XYO-USD,0.0042099967,2026/03/05,20:27 UTC,-7.752981E-5,0.0041948278,0.004584462,0.0041611134,4414998,20231119,0.0037,26097.8,,,,,
ZBCN-USD,0.0021391232,2026/03/05,20:28 UTC,-4.195771E-5,0.0021796569,0.0022620156,0.0021145751,6998821,20231101,0.001,300000.0,0.0,,,,
ZBCN-USD,0.0021391232,2026/03/05,20:28 UTC,-4.195771E-5,0.0021796569,0.0022620156,0.0021145751,6998821,20251104,0.0,9195.0,0.0,,,Uphold,
ZBCN-USD,0.0021391232,2026/03/05,20:28 UTC,-4.195771E-5,0.0021796569,0.0022620156,0.0021145751,6998821,20230327,0.002,125730.0,0.0,,,,
ZBCN-USD,0.0021391232,2026/03/05,20:28 UTC,-4.195771E-5,0.0021796569,0.0022620156,0.0021145751,6998821,20251202,0.0,8227.0,0.0,,,Uphold,
ZBCN-USD,0.0021391232,2026/03/05,20:28 UTC,-4.195771E-5,0.0021796569,0.0022620156,0.0021145751,6998821,20260112,0.0,8932.0,0.0,,,,
ZIL-USD,0.0042713652,2026/03/05,20:27 UTC,-1.13344286E-4,0.004325969,0.004377667,0.004208742,9514847,20210714,0.0708,1411.51,0.0,,,,
ZIL-USD,0.0042713652,2026/03/05,20:27 UTC,-1.13344286E-4,0.004325969,0.004377667,0.004208742,9514847,20231207,0.02349,20831.0,0.0,,,,
ZIL-USD,0.0042713652,2026/03/05,20:27 UTC,-1.13344286E-4,0.004325969,0.004377667,0.004208742,9514847,20240127,0.0,639.0,0.0,,,,
ZIL-USD,0.0042713652,2026/03/05,20:27 UTC,-1.13344286E-4,0.004325969,0.004377667,0.004208742,9514847,20210318,0.1833,2057.0,0.0,,,,
ZIL-USD,0.0042713652,2026/03/05,20:27 UTC,-1.13344286E-4,0.004325969,0.004377667,0.004208742,9514847,20220310,0.04141,11500.0,0.0,,,,
ZIL-USD,0.0042713652,2026/03/05,20:27 UTC,-1.13344286E-4,0.004325969,0.004377667,0.004208742,9514847,20231208,0.0,956.0,0.0,,,,
ZIL-USD,0.0042713652,2026/03/05,20:27 UTC,-1.13344286E-4,0.004325969,0.004377667,0.004208742,9514847,20210521,0.11647,1717.1787999,0.0,,,,
ZIL-USD,0.0042713652,2026/03/05,20:27 UTC,-1.13344286E-4,0.004325969,0.004377667,0.004208742,9514847,20220509,0.07,11500.0,0.0,,,,
ZIL-USD,0.0042713652,2026/03/05,20:27 UTC,-1.13344286E-4,0.004325969,0.004377667,0.004208742,9514847,20250308,0.01,19239.0,0.0,,,Uphold,
ZIL-USD,0.0042713652,2026/03/05,20:27 UTC,-1.13344286E-4,0.004325969,0.004377667,0.004208742,9514847,20210622,0.07,1423.2,0.0,,,,
ZIL-USD,0.0042713652,2026/03/05,20:27 UTC,-1.13344286E-4,0.004325969,0.004377667,0.004208742,9514847,20210624,0.08,2476.15,0.0,,,,
ZIL-USD,0.0042713652,2026/03/05,20:27 UTC,-1.13344286E-4,0.004325969,0.004377667,0.004208742,9514847,20220125,0.04457,11500.0,0.0,,,,
ZIL-USD,0.0042713652,2026/03/05,20:27 UTC,-1.13344286E-4,0.004325969,0.004377667,0.004208742,9514847,20211116,0.0968,10326.0,0.0,,,,
ZIL-USD,0.0042713652,2026/03/05,20:27 UTC,-1.13344286E-4,0.004325969,0.004377667,0.004208742,9514847,20210702,0.07953,2514.87,0.0,,,,
ZIL-USD,0.0042713652,2026/03/05,20:27 UTC,-1.13344286E-4,0.004325969,0.004377667,0.004208742,9514847,20211014,0.095802,10000.0,0.0,,,,
ZIL-USD,0.0042713652,2026/03/05,20:27 UTC,-1.13344286E-4,0.004325969,0.004377667,0.004208742,9514847,20210511,0.22269,2245.3,0.0,,,,
ZIL-USD,0.0042713652,2026/03/05,20:27 UTC,-1.13344286E-4,0.004325969,0.004377667,0.004208742,9514847,20231123,0.02129,9346.3,0.0,,,,
ZIL-USD,0.0042713652,2026/03/05,20:27 UTC,-1.13344286E-4,0.004325969,0.004377667,0.004208742,9514847,20210524,0.1005,2985.0,0.0,,,,
ZIL-USD,0.0042713652,2026/03/05,20:27 UTC,-1.13344286E-4,0.004325969,0.004377667,0.004208742,9514847,20210520,0.13738623,1455.75,0.0,,,,
ZIL-USD,0.0042713652,2026/03/05,20:27 UTC,-1.13344286E-4,0.004325969,0.004377667,0.004208742,9514847,20231001,0.0,2472.0,0.0,,,,
ZIL-USD,0.0042713652,2026/03/05,20:27 UTC,-1.13344286E-4,0.004325969,0.004377667,0.004208742,9514847,20210519,0.1378,728.96,0.0,,,,
ZIL-USD,0.0042713652,2026/03/05,20:27 UTC,-1.13344286E-4,0.004325969,0.004377667,0.004208742,9514847,20210629,0.08764,2243.32,0.0,,,,
ZIL-USD,0.0042713652,2026/03/05,20:27 UTC,-1.13344286E-4,0.004325969,0.004377667,0.004208742,9514847,20211007,0.105,3015.19,0.0,,,,
ZIL-USD,0.0042713652,2026/03/05,20:27 UTC,-1.13344286E-4,0.004325969,0.004377667,0.004208742,9514847,20230922,0.0173,11359.0,0.0,,,,
ZIL-USD,0.0042713652,2026/03/05,20:27 UTC,-1.13344286E-4,0.004325969,0.004377667,0.004208742,9514847,20210422,0.18,1100.0,0.0,,,,